/*
 Navicat Premium Dump SQL

 Source Server         : 腾讯云 - Mysql
 Source Server Type    : MySQL
 Source Server Version : 80200 (8.2.0)
 Source Host           : 43.139.247.208:3306
 Source Schema         : xmw_admin

 Target Server Type    : MySQL
 Target Server Version : 80200 (8.2.0)
 File Encoding         : 65001

 Date: 29/10/2024 09:29:12
*/

SET NAMES utf8mb4;
SET FOREIGN_KEY_CHECKS = 0;

-- ----------------------------
-- Table structure for xmw_already
-- ----------------------------
DROP TABLE IF EXISTS `xmw_already`;
CREATE TABLE `xmw_already`  (
  `id` char(36) CHARACTER SET utf8mb4 COLLATE utf8mb4_bin NOT NULL COMMENT '主键id',
  `announcement_id` char(36) CHARACTER SET utf8mb4 COLLATE utf8mb4_bin NOT NULL COMMENT '活动公告 id',
  `user_id` char(36) CHARACTER SET utf8mb4 COLLATE utf8mb4_bin NOT NULL COMMENT '用户 id',
  `created_time` datetime NOT NULL,
  `updated_time` datetime NOT NULL,
  PRIMARY KEY (`id`) USING BTREE,
  INDEX `announcement_id`(`announcement_id` ASC) USING BTREE,
  CONSTRAINT `xmw_already_ibfk_1` FOREIGN KEY (`announcement_id`) REFERENCES `xmw_announcement` (`announcement_id`) ON DELETE RESTRICT ON UPDATE CASCADE
) ENGINE = InnoDB CHARACTER SET = utf8mb4 COLLATE = utf8mb4_0900_ai_ci ROW_FORMAT = DYNAMIC;

-- ----------------------------
-- Records of xmw_already
-- ----------------------------
INSERT INTO `xmw_already` VALUES ('14ce0d12-c9b3-48a2-b32b-0872f8292038', '43c45cab-7449-4a52-9204-b828f067e0f9', 'bf75a509-f90e-4a29-8bf7-470b581550f6', '2023-10-12 15:44:04', '2023-10-12 15:44:04');
INSERT INTO `xmw_already` VALUES ('46adde20-078c-49d1-926e-c7862237df87', '91f0d138-651a-44d1-bf8d-9200bb8429cd', 'bf75a509-f90e-4a29-8bf7-470b581550f6', '2023-10-23 14:23:23', '2023-10-23 14:23:23');
INSERT INTO `xmw_already` VALUES ('4d470a37-268c-42f9-8243-51c4e4733b78', '91f0d138-651a-44d1-bf8d-9200bb8429cd', 'bf75a509-f90e-4a29-8bf7-470b581550f6', '2023-10-12 15:44:31', '2023-10-12 15:44:31');
INSERT INTO `xmw_already` VALUES ('c7a74b96-b657-4bde-afde-4131b3ee4a21', '43c45cab-7449-4a52-9204-b828f067e0f9', 'bf75a509-f90e-4a29-8bf7-470b581550f6', '2023-10-12 15:44:08', '2023-10-12 15:44:08');
INSERT INTO `xmw_already` VALUES ('eac5a4ee-6e1d-43f9-91db-b6f99a331bdc', 'd13745ca-368f-4c04-9047-4641032a2294', 'bf75a509-f90e-4a29-8bf7-470b581550f6', '2024-10-24 10:19:23', '2024-10-24 10:19:23');
INSERT INTO `xmw_already` VALUES ('fc510457-07fa-4a42-b777-5a1924b2d67e', '91f0d138-651a-44d1-bf8d-9200bb8429cd', 'bf75a509-f90e-4a29-8bf7-470b581550f6', '2023-10-12 15:43:55', '2023-10-12 15:43:55');

-- ----------------------------
-- Table structure for xmw_announcement
-- ----------------------------
DROP TABLE IF EXISTS `xmw_announcement`;
CREATE TABLE `xmw_announcement`  (
  `announcement_id` char(36) CHARACTER SET utf8mb4 COLLATE utf8mb4_bin NOT NULL COMMENT '活动公告id',
  `user_id` char(36) CHARACTER SET utf8mb4 COLLATE utf8mb4_bin NOT NULL COMMENT '作者id',
  `title` varchar(100) CHARACTER SET utf8mb4 COLLATE utf8mb4_0900_ai_ci NOT NULL COMMENT '标题',
  `content` text CHARACTER SET utf8mb4 COLLATE utf8mb4_0900_ai_ci NOT NULL COMMENT '内容',
  `type` enum('1','2','3','4') CHARACTER SET utf8mb4 COLLATE utf8mb4_0900_ai_ci NOT NULL COMMENT '类型(1:公告,2:活动,3:消息,4:通知)',
  `status` int NOT NULL DEFAULT 1 COMMENT '状态（0:禁用，1：开启）',
  `pinned` int NOT NULL DEFAULT 1 COMMENT '是否置顶（0:否，1：是）',
  `created_time` datetime NOT NULL,
  `updated_time` datetime NOT NULL,
  PRIMARY KEY (`announcement_id`) USING BTREE,
  INDEX `user_id`(`user_id` ASC) USING BTREE,
  CONSTRAINT `xmw_announcement_ibfk_1` FOREIGN KEY (`user_id`) REFERENCES `xmw_user` (`user_id`) ON DELETE RESTRICT ON UPDATE CASCADE
) ENGINE = InnoDB CHARACTER SET = utf8mb4 COLLATE = utf8mb4_0900_ai_ci ROW_FORMAT = DYNAMIC;

-- ----------------------------
-- Records of xmw_announcement
-- ----------------------------
INSERT INTO `xmw_announcement` VALUES ('0e479268-99e9-4090-9efa-b3b246c0e6df', 'dac1e100-a6ad-48c4-9963-b3be37c6443c', '李晓鹏被双开', '<p><a href=\"https://s.weibo.com/weibo?q=%23%E5%85%89%E5%A4%A7%E9%9B%86%E5%9B%A2%E5%8E%9F%E8%91%A3%E4%BA%8B%E9%95%BF%E6%9D%8E%E6%99%93%E9%B9%8F%E8%A2%AB%E5%8F%8C%E5%BC%80%23\" rel=\"noopener noreferrer\" target=\"_blank\" style=\"color: rgb(235, 115, 64); background-color: rgb(255, 255, 255);\">#光大集团原董事长李晓鹏被双开#</a><span style=\"color: rgb(51, 51, 51);\">【</span><a href=\"https://s.weibo.com/weibo?q=%23%E6%9D%8E%E6%99%93%E9%B9%8F%E8%A2%AB%E5%8F%8C%E5%BC%80%23\" rel=\"noopener noreferrer\" target=\"_blank\" style=\"color: rgb(235, 115, 64); background-color: rgb(255, 255, 255);\">#李晓鹏被双开#</a><span style=\"color: rgb(51, 51, 51);\">】经中共中央批准，中央纪委国家监委对中国光大集团股份公司原党委书记、董事长李晓鹏严重违纪违法问题进行了立案审查调查。 经查，李晓鹏丧失理想信念，背弃初心使命，对党不忠诚不老实，对抗组织审查；无视中央八项规定精神，违规收受礼品礼金、接受宴请；违反组织原则，不按规定报告个人有关事项，在干部选拔任用等方面为他人谋利；违规借用管理和服务对象钱款、持有非上市公司股份，利用职权为亲属经营活动谋利；泄露尚未公开的干部选拔任用事项；治家不严，家风不正；既想当官又想发财，长期以权谋私，“靠金融吃金融”，利用职务便利为他人在贷款融资、业务承揽等方面谋利，并非法收受巨额财物。 李晓鹏严重违反党的政治纪律、组织纪律、廉洁纪律、工作纪律和生活纪律，构成严重职务违法并涉嫌受贿犯罪，且在党的十八大后不收敛、不收手，性质严重，影响恶劣，应予严肃处理。依据《中国共产党纪律处分条例》《中华人民共和国监察法》《中华人民共和国公职人员政务处分法》等有关规定，经中央纪委常委会会议研究并报中共中央批准，决定给予李晓鹏开除党籍处分；由国家监委给予其开除公职处分；收缴其违纪违法所得；将其涉嫌犯罪问题移送检察机关依法审查起诉，所涉财物一并移送。（中央纪委国家监委网站）</span></p>', '3', 1, 1, '2023-10-09 13:45:04', '2023-10-16 15:03:35');
INSERT INTO `xmw_announcement` VALUES ('2244a7e7-f92b-4645-9c72-384a227053f4', 'dac1e100-a6ad-48c4-9963-b3be37c6443c', '亚运会中国代表团201金收官', '<p><span style=\"color: rgb(51, 51, 51);\">【骄傲转发！</span><a href=\"https://s.weibo.com/weibo?q=%23%E4%BA%9A%E8%BF%90%E4%BC%9A%E4%B8%AD%E5%9B%BD%E4%BB%A3%E8%A1%A8%E5%9B%A2201%E9%87%91%E6%94%B6%E5%AE%98%23\" rel=\"noopener noreferrer\" target=\"_blank\" style=\"color: rgb(235, 115, 64); background-color: rgb(255, 255, 255);\">#亚运会中国代表团201金收官#</a><span style=\"color: rgb(51, 51, 51);\"><img src=\"https://face.t.sinajs.cn/t4/appstyle/expression/ext/normal/14/2018new_weiwu_org.png\" alt=\"[威武]\">】杭州亚运会，中国代表团共获得201金111银71铜，共383枚奖牌，创造历史。致敬拼搏精神，致敬永不停歇的奋进脚步！今晚8点，</span><a href=\"https://s.weibo.com/weibo/%23%E4%BA%9A%E8%BF%90%E9%97%AD%E5%B9%95%E5%BC%8F%23\" rel=\"noopener noreferrer\" target=\"_blank\" style=\"color: rgb(235, 115, 64); background-color: rgb(255, 255, 255);\">#亚运闭幕式#</a><span style=\"color: rgb(51, 51, 51);\">举行，一起期待！</span></p>', '4', 1, 1, '2023-10-09 13:43:18', '2023-10-09 13:43:37');
INSERT INTO `xmw_announcement` VALUES ('2e86e528-1401-4c12-ae9e-30508c21c57f', 'bf75a509-f90e-4a29-8bf7-470b581550f6', '花西子就被传谣为日本品牌向警方报案', '<p><span style=\"color: rgb(51, 51, 51);\">近日，随着某知名主播不当言论链式风波甚嚣尘上，“花西子是日本品牌”等截图在网络上流传。对此，花西子表示：花西子品牌名中的“花”，取自于品牌理念中的“以花养妆”；“西子”则指的是西湖，灵感来自苏东坡的名句“欲把西湖比西子，淡妆浓抹总相宜”。</span></p><p><span style=\"color: rgb(51, 51, 51);\">同时，花西子接受媒体采访中对探访视频表示：2019年曾与日本某研究所有过短期产研和生产合作，2020年已停止合作。随着国内美妆研发及产业链的综合实力的持续上升，目前花西子的研发中心及生产工厂100%都在国内。</span></p><p><span style=\"color: rgb(51, 51, 51);\">据花西子产品外包装上显示，委托方为中国杭州，产地为中国上海，未有任何日本相关工厂信息。</span></p><p><span style=\"color: rgb(51, 51, 51);\">据了解，此前花西子还曾获得由新华社颁发的“中国品牌全球传播力”top10。综上网传“花西子产地为日本”“花西子是日本品牌”皆为谣言，并就此向警方报案。</span></p>', '1', 1, 1, '2023-09-12 16:22:13', '2023-10-09 10:00:43');
INSERT INTO `xmw_announcement` VALUES ('31fdb366-bff0-4d0c-8d2e-3c530225b2d9', 'af968b95-5f2e-4f87-8002-e6ac23b72a23', '女子买高铁二等座嫌冷大闹要毛毯', '<p><span style=\"color: rgb(51, 51, 51);\">9月11日，G2217次列车上一女子嫌二等座车厢内空调温度低，大吵着要求关空调，并要求列车员提供毛毯。视频中，女子大吵大闹，称自己是癌症病人，身体不好。同车乘客称，女子向乘务员要毯子，工作人员称商务座才有毯子。女子不依不饶大喊要投诉，最后乘务员无奈给她送来毯子。</span></p>', '3', 1, 1, '2023-09-12 15:19:02', '2023-10-08 11:44:34');
INSERT INTO `xmw_announcement` VALUES ('43c45cab-7449-4a52-9204-b828f067e0f9', '7887f679-32f0-47e2-8137-9d966281aa48', '海滩走失女童父亲深夜发布多张照片', '<p><span style=\"color: rgb(51, 51, 51);\">上海4岁失联女童引发社会高度关注，不仅家人正在急切寻找女童，她也牵动着无数网友的心，女童父亲深夜发布多张照片，网友提供疑似失踪前画面。10月6日深夜23:05，黄元芯爸爸公布了多张带时间点标注的照片，称都是走失女童黄元芯的照片，来源于网友提供的线索。其称第一张照片摄于17:33，女童正跟爸爸在一起；目前最后拍摄到的照片，摄于17:53。</span></p>', '3', 1, 0, '2023-10-07 10:29:25', '2023-10-07 10:29:25');
INSERT INTO `xmw_announcement` VALUES ('556f48c6-c57b-4a36-aa02-a622b13b9d71', 'af968b95-5f2e-4f87-8002-e6ac23b72a23', '来杭州感受体育之美', '<p><span style=\"color: rgb(51, 51, 51);\">杭州第19届亚运会火炬传递于8日在杭州启动，目前正在浙江省内11个地级市依次开展传递活动。火炬传递有何亮点新意？传递路线如何设计？记者采访了杭州亚运会火炬传递指挥中心副指挥长杜作锋和部分火炬手，听他们讲述火炬传递背后的故事。</span></p>', '2', 1, 1, '2023-09-12 15:17:38', '2023-09-12 15:17:38');
INSERT INTO `xmw_announcement` VALUES ('6e249d29-b755-49a5-afc9-02393e35daa4', '7887f679-32f0-47e2-8137-9d966281aa48', '专家建议增加假期不要调休', '<p><span style=\"color: rgb(51, 51, 51);\">【国庆8天假期结束！</span><a href=\"https://s.weibo.com/weibo?q=%23%E4%BB%8A%E5%B9%B4%E7%9A%84%E6%B3%95%E5%AE%9A%E8%8A%82%E5%81%87%E6%97%A5%E8%BF%87%E5%AE%8C%E4%BA%86%23\" rel=\"noopener noreferrer\" target=\"_blank\" style=\"color: rgb(235, 115, 64); background-color: rgb(255, 255, 255);\">#今年的法定节假日过完了#</a><span style=\"color: rgb(51, 51, 51);\">，大家需连上7天班】</span><a href=\"https://s.weibo.com/weibo?q=%23%E4%B8%93%E5%AE%B6%E5%BB%BA%E8%AE%AE%E5%A2%9E%E5%8A%A0%E5%81%87%E6%9C%9F%E4%B8%8D%E8%A6%81%E8%B0%83%E4%BC%91%23\" rel=\"noopener noreferrer\" target=\"_blank\" style=\"color: rgb(235, 115, 64); background-color: rgb(255, 255, 255);\">#专家建议增加假期不要调休#</a><span style=\"color: rgb(51, 51, 51);\">10月7日消息，国庆假期已经结束了，大家玩的怎么样？2023年的十一黄金周已在10月6日画上句号，这意味着今年的所有法定假日已经全部度过。八天假期很短，即将到来的连续七天工作日会不会很长？</span></p><p><span style=\"color: rgb(51, 51, 51);\">按照规定，2023年中秋节、国庆节放假安排：2023年9月29日（星期五）至10月6日（星期五）放假调休，共8天 。10月7日（星期六）、10月8日（星期日）上班，所以你准备连上7天班了吗？</span></p><p><span style=\"color: rgb(51, 51, 51);\">8天假期之后周末两天都要上班，等于是连上7天班，甚至周日单休的朋友要连上8天。</span></p><p><span style=\"color: rgb(51, 51, 51);\">对此，清华大学五道口金融学院副院长、金融学讲席教授田轩谈到调休表示，确实调休可以强化释放部分的购买力，但是调休也还是要合理，不要因为调休给居民工作、生活带来困扰。</span></p><p><span style=\"color: rgb(51, 51, 51);\">所以我想建议调休的原则还是适当增加和延长假期，逢周末还是顺延，不要调休，释放快乐消费的活力。”田轩说道。</span></p><p><span style=\"color: rgb(51, 51, 51);\">﻿闹闹哄哄的八天长假结束了，上班族将迎来连续七个工作日。经文化和旅游部数据中心测算，中秋节、国庆节假期8天，国内旅游出游人数8.26亿人次，按可比口径同比增长71.3%，按可比口径较2019年增长4.1%；实现国内旅游收入7534.3亿元，按可比口径同比增长129.5%，按可比口径较2019年增长1.5%。</span></p><p><span style=\"color: rgb(51, 51, 51);\">这是世界上规模最大的短时人口迁徙，8天时间平均人均次消费912元。这个消费，如果扣除假期涨价的机票酒店等交通住宿费用，其他消费还能有多少？看到一个短视频说不少景区餐饮和卖纪念品的商家，假期都是亏损的，游客们光看不买，整个就是一个穷游。</span></p><p><span style=\"color: rgb(51, 51, 51);\">把两个公众假期人为调休成8天长假，政府的良苦用心是希望能够刺激消费，带动一下疲弱的经济。殊不知光放假不发钱，是很难刺激消费的。当下既不是通胀也不是通缩，而是通通都没钱了。有钱有闲的生活，令人羡慕。但是有闲没钱的日子却很憋屈，8天不能总糗在家里啊，实在不行就开车在高速上兜兜风，也算是为三桶油做贡献了</span></p>', '4', 1, 1, '2023-10-07 10:03:30', '2023-10-09 10:00:23');
INSERT INTO `xmw_announcement` VALUES ('7115bd27-8bc3-43c7-8c3f-912d943d9d7d', 'dac1e100-a6ad-48c4-9963-b3be37c6443c', '月薪4000的小镇青年背过万的包', '<p><span style=\"color: rgb(51, 51, 51);\">【</span><a href=\"https://s.weibo.com/weibo?q=%23%E6%9C%88%E8%96%AA4000%E7%9A%84%E5%B0%8F%E9%95%87%E9%9D%92%E5%B9%B4%E8%83%8C%E8%BF%87%E4%B8%87%E7%9A%84%E5%8C%85%23\" rel=\"noopener noreferrer\" target=\"_blank\" style=\"color: rgb(235, 115, 64); background-color: rgb(255, 255, 255);\">#月薪4000的小镇青年背过万的包#</a><a href=\"https://s.weibo.com/weibo?q=%23%E5%B0%8F%E9%95%87%E9%9D%92%E5%B9%B4%E4%B8%BA%E4%BD%95%E6%95%A2%E6%B6%88%E8%B4%B9%23\" rel=\"noopener noreferrer\" target=\"_blank\" style=\"color: rgb(235, 115, 64); background-color: rgb(255, 255, 255);\">#小镇青年为何敢消费#</a><span style=\"color: rgb(51, 51, 51);\">】长假回老家一趟让我清醒了，千万不要小瞧县城青年的消费能力。月薪4000的朋友，背着过万的包，聚会花钱也不手软，中高端旅游一年一次......这种想吃就吃、说玩就走的生活态度让我清楚认识到，新一代小镇青年，正在成为隐形的“消费巨人”。摩根士丹利中国首席经济学家刑自强表示，小镇青年将成为今后消费市场的主力军，预计到2030年，三四线城市居民消费将达到45万亿元人民币。</span></p>', '3', 1, 0, '2023-10-09 13:44:06', '2023-10-09 13:44:06');
INSERT INTO `xmw_announcement` VALUES ('79adfb8c-4c5a-4f50-af35-85dd60b0b842', '7887f679-32f0-47e2-8137-9d966281aa48', '亚运会闭幕式只用一块草坪', '<p><span style=\"color: rgb(51, 51, 51);\">【</span><a href=\"https://s.weibo.com/weibo?q=%23%E4%BA%9A%E8%BF%90%E4%BC%9A%E9%97%AD%E5%B9%95%E5%BC%8F%E5%8F%AA%E7%94%A8%E4%B8%80%E5%9D%97%E8%8D%89%E5%9D%AA%23\" rel=\"noopener noreferrer\" target=\"_blank\" style=\"color: rgb(235, 115, 64); background-color: rgb(255, 255, 255);\">#亚运会闭幕式只用一块草坪#</a><span style=\"color: rgb(51, 51, 51);\">】10月8日，杭州亚运会闭幕式将在大莲花举行。杭州亚运会闭幕式总导演沙晓岚介绍，运动员们将再度回到熟悉的“大莲花”，而场馆中间的草坪也将成为杭州亚运会首创的一块数控草坪。看似很平常的一块草坪，其实这里面藏着近4万个发光点，可以和节目可以产生很多图案、颜色。据了解，除了数控草坪以外，开幕式上令人震撼的数字火炬手在闭幕式上，又如约来了。在闭幕式上，全球的网友都可以领取一份象征亚运精神的“星光数字纪念章”。</span></p>', '2', 1, 0, '2023-10-07 10:28:46', '2023-10-07 10:28:46');
INSERT INTO `xmw_announcement` VALUES ('91f0d138-651a-44d1-bf8d-9200bb8429cd', 'a7e1d550-c351-4d19-8873-268912f73584', '民警给走失小女孩上了堂甜甜的安全课', '<p><span style=\"color: rgb(51, 51, 51);\">9月30日17时，北京公交警方接到江苏来京旅游的严女士报警，称在地铁19号线与8岁的女儿婷婷走散。民警赵玲涛在景风门站寻找的过程中，恰好巧遇正在向车站工作人员求助的婷婷。见婷婷惊魂甫定，赵玲涛用温柔的口吻不断安抚她，现场传授了很多安全防范常识。随后严女士赶来，母女团圆。</span></p>', '1', 1, 1, '2023-10-07 10:33:39', '2023-10-07 10:33:39');
INSERT INTO `xmw_announcement` VALUES ('9620ef61-b8c6-477e-b8c9-a65455849d4c', 'af968b95-5f2e-4f87-8002-e6ac23b72a23', '华为问界新M7', '<p><strong style=\"color: rgb(51, 51, 51);\">问界新M7将于9月12日在上海举办发布会。据悉，此次发布会的看点之一就是问界新M7搭载的鸿蒙智能座舱3.0。作为25万级别车型，车内超大空间不仅可实现主副驾驶双排休憩，而且可切换成2米长度的大床模式。此次问界新M7将带来全新大空间体验</strong><span style=\"color: rgb(51, 51, 51);\">。</span><strong style=\"color: rgb(51, 51, 51);\">﻿</strong></p>', '4', 1, 1, '2023-09-12 15:18:25', '2023-09-12 16:12:48');
INSERT INTO `xmw_announcement` VALUES ('b0e0637c-db39-4882-b902-977c6d33a6c3', 'a7e1d550-c351-4d19-8873-268912f73584', '官方通报已婚女子陪领导喝酒醉卧街头', '<p><span style=\"color: rgb(51, 51, 51);\">【官方通报</span><a href=\"https://s.weibo.com/weibo?q=%23%E5%A5%B3%E5%AD%90%E9%99%AA%E9%A2%86%E5%AF%BC%E5%96%9D%E9%85%92%E9%86%89%E5%8D%A7%E8%A1%97%E5%A4%B4%23\" rel=\"noopener noreferrer\" target=\"_blank\" style=\"color: rgb(235, 115, 64); background-color: rgb(255, 255, 255);\">#女子陪领导喝酒醉卧街头#</a><span style=\"color: rgb(51, 51, 51);\">：醉酒女子未婚，未发现不正当关系】据</span><a href=\"https://weibo.com/n/%E6%96%B0%E4%BA%AC%E6%8A%A5\" rel=\"noopener noreferrer\" target=\"_blank\" style=\"color: rgb(235, 115, 64); background-color: rgb(255, 255, 255);\">@新京报</a><span style=\"color: rgb(51, 51, 51);\">&nbsp;报道：8月31日，网友发视频举报一女子“婚内出轨”，“多次陪领导喝酒醉卧街头”。10月6日，山东泰安通报“女子陪领导喝酒醉卧街头”调查情况。视频中醉酒女子系泰安高新区未婚副科级干部许某，视频发布者系已婚的孟某某，8月30日许某和孟某某因感情纠纷争执，将以往录制的许某醉酒视频剪辑后发至网络。调查发现，许某及视频中的两名张姓人员存在违规接受宴请问题，其中张某（男）系泰安高新区党工委委员、管委会副主任，张某（女）系泰安高新建设集团人资部部长，目前三人均已被处理。</span></p>', '1', 1, 0, '2023-10-07 10:32:26', '2023-10-07 17:00:48');
INSERT INTO `xmw_announcement` VALUES ('c01675fd-443a-4e5e-8c33-36fa5a3bbb9d', 'bf75a509-f90e-4a29-8bf7-470b581550f6', '李佳琦们别再飘了', '<p><em style=\"color: rgb(51, 51, 51);\"><u>&nbsp;曾经喊着“把价格打下来”的李佳琦，因在最近一场直播中回怼网友频登热搜。一时的口无遮拦，招致网络舆论的愤怒声讨。大家发现，不少网红、主播赚钱之前都很谦卑，赚钱之后变得很膨胀。但任何行业都离不开柴米油盐精打细算的普通人，一旦“飘”了，忘记了做好服务的初心，注定被厌弃淘汰。</u></em></p>', '1', 1, 0, '2023-09-12 16:16:24', '2023-09-21 14:59:25');
INSERT INTO `xmw_announcement` VALUES ('c0eb77d4-43b1-4e20-8adf-7c5f399cf54a', 'bf75a509-f90e-4a29-8bf7-470b581550f6', '李佳琦称身上羽毛是所有女生赋予的', '<p><span style=\"color: rgb(51, 51, 51);\">“李佳琦带货怼网友”的话题在网络引起广泛讨论，有数据显示，在“2021年度中国网络主播年度净收入百强榜”中，李佳琦以年度净收入18.553亿元高居榜首，年收入超过大部分上市公司的业绩。你如何看待少数网红直播带货高收入现象？</span></p>', '2', 1, 1, '2023-09-12 16:21:30', '2023-10-07 17:54:54');
INSERT INTO `xmw_announcement` VALUES ('d13745ca-368f-4c04-9047-4641032a2294', 'bf75a509-f90e-4a29-8bf7-470b581550f6', '习近平会见乌兹别克斯坦总', '<p><span style=\"color: rgb(51, 51, 51);\">【独家视频丨</span><a href=\"https://s.weibo.com/weibo?q=%23%E4%B9%A0%E8%BF%91%E5%B9%B3%E4%BC%9A%E8%A7%81%E4%B9%8C%E5%85%B9%E5%88%AB%E5%85%8B%E6%96%AF%E5%9D%A6%E6%80%BB%E7%BB%9F%23\" rel=\"noopener noreferrer\" target=\"_blank\" style=\"color: rgb(235, 115, 64); background-color: rgb(255, 255, 255);\">#习近平会见乌兹别克斯坦总统#</a><span style=\"color: rgb(51, 51, 51);\">】10月17日下午，国家主席习近平在人民大会堂会见来华出席第三届“一带一路”国际合作高峰论坛的乌兹别克斯坦总统米尔济约耶夫。</span></p><p><br></p><p><span style=\"color: rgb(51, 51, 51);\">习近平指出，很高兴同老朋友再次会面。欢迎你来华出席第三届“一带一路”国际合作高峰论坛。今年5月，我们在西安成功会晤，就两国关系发展作出战略规划。我高兴地看到，这些共识正在得到全面落实。前不久，乌兹别克斯坦举行总统选举，你高票当选连任，充分体现了贵国人民对你的衷心拥护和支持。我再次向你表示祝贺。</span></p><p><br></p><p><span style=\"color: rgb(51, 51, 51);\">当前，中国人民正在以中国式现代化全面推进强国建设、民族复兴伟业。乌方出台“乌兹别克斯坦-2030”战略。两国发展目标相似，理念契合。中方愿以共建“一带一路”倡议提出10周年为契机，同乌方在国家现代化进程中互学互鉴、相互支持、彼此成就，携手建设中乌命运共同体，为地区和平和繁荣注入更多确定性和正能量</span></p>', '3', 1, 1, '2023-10-18 09:39:31', '2023-10-18 09:39:31');

-- ----------------------------
-- Table structure for xmw_international
-- ----------------------------
DROP TABLE IF EXISTS `xmw_international`;
CREATE TABLE `xmw_international`  (
  `id` char(36) CHARACTER SET utf8mb4 COLLATE utf8mb4_0900_ai_ci NOT NULL COMMENT '国际化id',
  `name` varchar(32) CHARACTER SET utf8mb4 COLLATE utf8mb4_0900_ai_ci NOT NULL COMMENT '国际化字段',
  `parent_id` char(36) CHARACTER SET utf8mb4 COLLATE utf8mb4_0900_ai_ci NULL DEFAULT NULL COMMENT '父级id',
  `zh-CN` varchar(200) CHARACTER SET utf8mb4 COLLATE utf8mb4_0900_ai_ci NULL DEFAULT NULL COMMENT '中文',
  `en-US` varchar(500) CHARACTER SET utf8mb4 COLLATE utf8mb4_0900_ai_ci NULL DEFAULT NULL COMMENT '英文',
  `ja-JP` varchar(200) CHARACTER SET utf8mb4 COLLATE utf8mb4_0900_ai_ci NULL DEFAULT NULL COMMENT '日文',
  `zh-TW` varchar(200) CHARACTER SET utf8mb4 COLLATE utf8mb4_0900_ai_ci NULL DEFAULT NULL COMMENT '繁体中文',
  `founder` char(36) CHARACTER SET utf8mb4 COLLATE utf8mb4_0900_ai_ci NOT NULL COMMENT '创建人',
  `sort` int NOT NULL COMMENT '排序',
  `created_time` datetime NOT NULL DEFAULT CURRENT_TIMESTAMP COMMENT '创建时间',
  `updated_time` datetime NOT NULL DEFAULT CURRENT_TIMESTAMP ON UPDATE CURRENT_TIMESTAMP COMMENT '最后一次更新时间',
  PRIMARY KEY (`id`) USING BTREE
) ENGINE = InnoDB CHARACTER SET = utf8mb4 COLLATE = utf8mb4_0900_ai_ci ROW_FORMAT = DYNAMIC;

-- ----------------------------
-- Records of xmw_international
-- ----------------------------
INSERT INTO `xmw_international` VALUES ('00728462-5781-4f7b-ba64-812a4e9d2d59', 'created_time', '234ca5d3-d0e3-4525-9d39-e500745ba791', '创建时间', 'Creation time', '作成時間', '創建時間', 'bf75a509-f90e-4a29-8bf7-470b581550f6', 1, '2022-09-18 14:09:26', '2022-11-30 10:54:08');
INSERT INTO `xmw_international` VALUES ('013dbf13-9683-42ef-a791-929d2e69e698', 'rules', 'be72ba21-a54c-4799-babc-cc25728275e4', '电子邮箱地址格式不正确！', 'Email address format is incorrect!', 'eメールアドレスの書式が正しくありません!', '電子郵箱地址格式不正確！', 'bf75a509-f90e-4a29-8bf7-470b581550f6', 1, '2022-10-08 16:13:07', '2022-11-30 10:54:08');
INSERT INTO `xmw_international` VALUES ('01d60ff3-b809-43c6-b30d-21ceb9a02955', 'content', 'b411813b-aaaf-4bd8-958d-1682a1f87b68', '内容', 'Content', '中身です', '內容', 'bf75a509-f90e-4a29-8bf7-470b581550f6', 1, '2023-08-29 13:43:58', '2023-08-29 13:43:58');
INSERT INTO `xmw_international` VALUES ('03303e02-f3b4-4593-8637-48158e0a0e3a', 'title', 'e8ca6a7d-cbcd-4278-bb60-ebb14d9ec1e4', '确认执行此操作吗?', 'Bulletin confirm this operation?', '公告はこの操作の実行を確認しますか?', '確認執行此操作嗎?', 'bf75a509-f90e-4a29-8bf7-470b581550f6', 1, '2023-09-12 17:27:59', '2023-09-12 17:27:59');
INSERT INTO `xmw_international` VALUES ('036fa56c-ab6e-478e-8e13-5977d97b2607', 'charts', '81f110c8-c522-4f91-ad29-99d15d1a0d06', '图表', 'Charts', 'グラフです', '圖表', 'bf75a509-f90e-4a29-8bf7-470b581550f6', 1, '2024-10-22 14:01:44', '2024-10-22 14:01:44');
INSERT INTO `xmw_international` VALUES ('039b756e-6597-4cf9-ba86-08e11a4d5a90', 'tip', '6fad92cf-d40f-4e80-8ba6-29ec6c37725a', '已绑定邮箱', 'Bound Mailbox', 'メールボックスに結びつけました', '已綁定郵箱', 'bf75a509-f90e-4a29-8bf7-470b581550f6', 1, '2023-01-13 18:25:12', '2023-01-13 18:25:12');
INSERT INTO `xmw_international` VALUES ('0757f0cb-b605-4384-b617-206a1d5ebf30', 'vertical', 'd9443426-3cb3-4ab4-b579-3f60ac5768ab', '垂直布局', 'Vertical layout', '垂直に配置します', '垂直布局', 'bf75a509-f90e-4a29-8bf7-470b581550f6', 1, '2024-10-18 14:50:34', '2024-10-18 14:50:34');
INSERT INTO `xmw_international` VALUES ('08748ffe-5d33-4406-b786-cf61e3205a90', 'delete', '51738317-f9fc-48e2-9ace-b418fdacf8e3', '删除', 'Delete', '削除', '刪除', 'bf75a509-f90e-4a29-8bf7-470b581550f6', 1, '2022-09-30 17:07:53', '2022-11-30 10:54:08');
INSERT INTO `xmw_international` VALUES ('08f11a22-9510-4d95-ba18-e0fa4a15b675', 'warm-tips', '9d9e17ad-e767-4d9a-9102-1866c2590f74', '温馨提示', 'Warm Tips', '暖かい ヒントです', '溫馨提示', 'bf75a509-f90e-4a29-8bf7-470b581550f6', 1, '2022-12-09 18:09:33', '2022-12-09 18:09:33');
INSERT INTO `xmw_international` VALUES ('08f997a9-39cb-4d35-bb73-8556a911e12f', 'work-bench', 'ed2bf05a-70a1-419a-adf3-b747d449f75a', '工作台', 'Work Bench', '作業台', '工作臺', 'bf75a509-f90e-4a29-8bf7-470b581550f6', 1, '2022-09-17 11:58:16', '2022-11-30 10:54:08');
INSERT INTO `xmw_international` VALUES ('0960fd86-7e79-496b-83aa-c4159e516d8c', 'administrative', 'e8922ec5-d0d2-4911-a146-80c2efdd38b5', '智能行政', 'Intelligent Administrative', 'スマート行政', '智能行政', 'bf75a509-f90e-4a29-8bf7-470b581550f6', 9, '2022-09-17 11:48:26', '2022-11-30 10:54:08');
INSERT INTO `xmw_international` VALUES ('0a797791-c47f-487b-86b4-d1aa7792f92e', 'title', '5ea52517-8c5e-419d-b59b-a923eb68f50e', '用户', 'User', 'ユーザー', '用戶', 'bf75a509-f90e-4a29-8bf7-470b581550f6', 1, '2022-10-08 14:27:55', '2022-11-30 10:54:08');
INSERT INTO `xmw_international` VALUES ('0a8078ee-a632-4dd8-a943-624541391743', 'certification-realName', 'e8ca71aa-4c2b-42c2-ac80-63677e1d80d7', '实名认证', 'Real-name authentication', '実名認証です', '實名認證', 'bf75a509-f90e-4a29-8bf7-470b581550f6', 1, '2023-03-20 17:12:55', '2023-03-20 17:12:55');
INSERT INTO `xmw_international` VALUES ('0adff35e-9313-4119-a4f6-80dc8cda5558', 'success', '44fe6614-f996-4c29-b06b-b41ca15a67f2', '登录成功！', 'Login successful!', 'ログイン成功!', '登錄成功！', 'bf75a509-f90e-4a29-8bf7-470b581550f6', 1, '2022-09-17 11:55:12', '2022-11-30 10:54:08');
INSERT INTO `xmw_international` VALUES ('0bbbd355-2f75-45f8-bebf-dc835630a11b', 'features', 'fd9a9de8-6044-42fc-a128-eba14bea123d', NULL, NULL, NULL, NULL, 'bf75a509-f90e-4a29-8bf7-470b581550f6', 1, '2024-10-10 17:28:55', '2024-10-10 17:28:55');
INSERT INTO `xmw_international` VALUES ('0bc45d3c-6418-409b-9579-a1a531abaac7', 'component', '1d9ddc96-9292-4f08-a359-0c1384ff5802', '组件路径', 'Component', 'コンポーネントパス', '組件路徑', 'bf75a509-f90e-4a29-8bf7-470b581550f6', 1, '2022-09-27 14:43:27', '2022-11-30 10:54:08');
INSERT INTO `xmw_international` VALUES ('0c01ef7d-2f6f-440a-b642-62564d41f473', 'components', NULL, NULL, NULL, NULL, NULL, 'bf75a509-f90e-4a29-8bf7-470b581550f6', 1, '2022-09-21 14:51:49', '2022-11-30 10:54:08');
INSERT INTO `xmw_international` VALUES ('0c075bb7-805c-47aa-9eff-03a49267a00a', 'security-phone', 'e8ca71aa-4c2b-42c2-ac80-63677e1d80d7', '密保手机', 'Security Phone', '携帯電話です', '密保手機', 'bf75a509-f90e-4a29-8bf7-470b581550f6', 1, '2023-01-13 18:22:18', '2023-01-13 18:22:18');
INSERT INTO `xmw_international` VALUES ('0ca938ac-db88-4b99-8863-5bb3ae8a094c', 'personal-information', '22a98b3b-704e-4de2-8c90-34c2a1387f68', '个人信息', 'Personal Information', '個人情報です', '個人信息', 'bf75a509-f90e-4a29-8bf7-470b581550f6', 88, '2023-01-12 15:26:10', '2023-01-12 15:34:57');
INSERT INTO `xmw_international` VALUES ('0e4408f9-ac17-43de-a44a-309caed9d07b', 'subtitle', '44fe6614-f996-4c29-b06b-b41ca15a67f2', '', '', '', '', 'bf75a509-f90e-4a29-8bf7-470b581550f6', 1, '2022-09-17 11:53:16', '2024-07-08 10:27:07');
INSERT INTO `xmw_international` VALUES ('0ed7bafd-c469-4792-9698-05e03152ad9d', 'delete', '9d8cdcd5-2151-43fe-8230-3ae610a9b3e3', '删除', 'Delete', '削除', '刪除', 'bf75a509-f90e-4a29-8bf7-470b581550f6', 88, '2022-09-30 10:42:00', '2022-11-30 10:54:08');
INSERT INTO `xmw_international` VALUES ('0f5ebfbf-bd14-4b5c-9bf5-67929e36f653', 'LockScreen', 'a6a9d897-a458-43a8-913e-45ee9f8c7971', '锁定屏幕', 'Lock screen', 'ロック画面です', '鎖定屏幕', 'bf75a509-f90e-4a29-8bf7-470b581550f6', 1, '2023-01-09 14:24:05', '2023-09-14 15:49:02');
INSERT INTO `xmw_international` VALUES ('10658f52-bb73-4f5a-93e5-64afa78e8e34', 'creative', 'ae377264-6ae7-4de0-9213-fbb3e9794171', '创意效果', 'Creative', 'クリエイティブ効果です', '創意效果', 'bf75a509-f90e-4a29-8bf7-470b581550f6', 1, '2024-10-21 10:03:38', '2024-10-21 10:03:38');
INSERT INTO `xmw_international` VALUES ('10cdbdc3-8286-49ad-907a-211120f62bc9', 'org_code', '50d475a0-e2b8-4997-8426-a1e067b1db11', '组织编码', 'Organization code', '組織コード', '組織編碼', 'bf75a509-f90e-4a29-8bf7-470b581550f6', 1, '2022-09-18 17:45:17', '2022-11-30 10:54:08');
INSERT INTO `xmw_international` VALUES ('119c5cc7-2ada-4927-be95-473fe33a5530', 'operationCaptcha', 'a887b890-bf1c-46f5-90a3-6a30da04d515', '运算验证码', 'Operation Captcha', 'captchaを実行します', '運算驗證碼', 'bf75a509-f90e-4a29-8bf7-470b581550f6', 1, '2024-10-11 09:08:54', '2024-10-11 09:08:54');
INSERT INTO `xmw_international` VALUES ('13dca233-90c4-4526-b3c0-c40ddb10670f', 'role_code', 'bf652ff9-7210-4fda-9ece-4c7fa3e5ae87', '角色编码', 'Role Code', 'キャラクターコード', '角色編碼', 'bf75a509-f90e-4a29-8bf7-470b581550f6', 1, '2022-09-30 17:17:03', '2022-11-30 10:54:08');
INSERT INTO `xmw_international` VALUES ('140ad3b4-2d3b-49e9-8f38-1e9eaee2186a', 'original-password', '8c5b3043-89c4-4266-b262-9002ad757b4b', '原密码', 'Original Password', '元のパスワードです', '原密碼', 'bf75a509-f90e-4a29-8bf7-470b581550f6', 1, '2023-01-12 16:35:53', '2023-01-12 16:35:53');
INSERT INTO `xmw_international` VALUES ('14713422-3379-4288-b6e1-eda4278398ce', 'ant-design', '1c5face7-ec06-465f-b67e-bf2c8183cc0a', 'Ant-design文档（外链）', 'Ant-design document (external link)', 'ant-designドキュメント(外部リンク)です', 'Ant-design文檔（外鏈）', 'bf75a509-f90e-4a29-8bf7-470b581550f6', 6, '2023-08-11 17:19:28', '2023-08-11 17:52:58');
INSERT INTO `xmw_international` VALUES ('1472daef-ee78-4da9-8b15-27d56cf6d12d', 'modify', 'cb2edc15-2e6d-4de6-ab92-14cfc727569e', '修改', 'Modify', '修正', '修改', 'bf75a509-f90e-4a29-8bf7-470b581550f6', 1, '2023-01-13 18:26:13', '2023-01-13 18:26:13');
INSERT INTO `xmw_international` VALUES ('1645fb99-80fa-45e5-a075-8296479afb6b', 'edit', 'c4d9c21d-f619-48eb-8ceb-537cb064247e', '编辑', 'Edit', '編集', '編輯', 'bf75a509-f90e-4a29-8bf7-470b581550f6', 77, '2022-09-30 10:18:25', '2022-11-30 10:54:08');
INSERT INTO `xmw_international` VALUES ('16722f3f-35da-4cae-b1b9-738acbcf97cc', 'title', '22b09a10-3417-4d53-9aed-b0f43927bb41', '您确认要删除这条数据吗？', 'Are you sure you want to delete this data?', 'このデータを削除することをご確認いただけますか?', '您確認要刪除這條數據嗎？', 'bf75a509-f90e-4a29-8bf7-470b581550f6', 1, '2022-09-18 13:41:15', '2022-11-30 10:54:08');
INSERT INTO `xmw_international` VALUES ('16ebb546-7843-465e-ab0f-214bf24d0f79', 'add', '505ca506-6cdc-4c88-b24b-479d6456bbde', '新建', 'New', '新築', '新建', 'bf75a509-f90e-4a29-8bf7-470b581550f6', 1, '2022-10-08 14:05:31', '2022-11-30 10:54:08');
INSERT INTO `xmw_international` VALUES ('16f7c3ea-0d48-46e6-8845-54239d175625', 'file-preview', '81f110c8-c522-4f91-ad29-99d15d1a0d06', '文件预览', 'File preview', 'ファイルプレビューです', '文件預覽', 'bf75a509-f90e-4a29-8bf7-470b581550f6', 1, '2024-10-21 14:46:14', '2024-10-21 14:46:14');
INSERT INTO `xmw_international` VALUES ('1c5face7-ec06-465f-b67e-bf2c8183cc0a', 'technical-document', 'e8922ec5-d0d2-4911-a146-80c2efdd38b5', '技术文档', 'Technical document', '技術文書です', '技術文檔', 'bf75a509-f90e-4a29-8bf7-470b581550f6', 7, '2023-08-11 16:11:14', '2023-08-11 16:11:27');
INSERT INTO `xmw_international` VALUES ('1d0c376a-0d14-4699-ae9f-712696e977b1', 'TabsLayout', '0c01ef7d-2f6f-440a-b642-62564d41f473', NULL, NULL, NULL, NULL, 'bf75a509-f90e-4a29-8bf7-470b581550f6', 1, '2023-03-16 15:58:15', '2023-10-08 15:23:45');
INSERT INTO `xmw_international` VALUES ('1d171e79-2dde-4496-990b-819681aa5510', 'title', '2c90eea9-f0c8-48bb-a331-a9526c59f6a6', '岗位', 'Jobs', '雇用', '崗位', 'bf75a509-f90e-4a29-8bf7-470b581550f6', 1, '2022-09-23 14:12:19', '2022-11-30 10:54:08');
INSERT INTO `xmw_international` VALUES ('1d98fffe-d1df-4f7f-95be-c544a655fe11', 'fixSiderbar', '1d9ddc96-9292-4f08-a359-0c1384ff5802', '固定菜单', 'Fixed menu', '定番メニュー', '固定菜單', 'bf75a509-f90e-4a29-8bf7-470b581550f6', 1, '2022-09-27 18:20:25', '2022-11-30 10:54:08');
INSERT INTO `xmw_international` VALUES ('1d9ddc96-9292-4f08-a359-0c1384ff5802', 'menu-management', '251711b4-6fd3-4090-8a58-9cb67616e508', '菜单管理', 'Menu Maganement', 'メニュー管理', '菜單管理', 'bf75a509-f90e-4a29-8bf7-470b581550f6', 1, '2022-09-27 09:57:06', '2022-11-30 10:54:08');
INSERT INTO `xmw_international` VALUES ('1e1e51a8-b956-4855-adfb-79ae046750a4', 'rotateCaptcha', 'a887b890-bf1c-46f5-90a3-6a30da04d515', '图片旋转验证码', 'Image Rotate Captcha', '画像回転認証コードです', '圖片旋轉驗證碼', 'bf75a509-f90e-4a29-8bf7-470b581550f6', 1, '2024-10-14 16:18:53', '2024-10-14 16:18:53');
INSERT INTO `xmw_international` VALUES ('1e530d83-26a8-4bc8-bfa3-1032259aac3b', 'dependencies', 'd3b5584a-6b4d-4eb8-a3ef-5090f5f3c4e9', '生产环境依赖', 'Production environment dependence', '生産環境に依存します', '生產環境依賴', 'bf75a509-f90e-4a29-8bf7-470b581550f6', 1, '2023-07-26 17:28:48', '2023-10-11 16:50:19');
INSERT INTO `xmw_international` VALUES ('1f533660-151d-4646-8f04-63a6539ed094', 'phone', '5ea52517-8c5e-419d-b59b-a923eb68f50e', '手机号码', 'Mobile Phone', '携帯電話の番号', '手機號碼', 'bf75a509-f90e-4a29-8bf7-470b581550f6', 1, '2022-10-08 16:10:08', '2022-11-30 10:54:08');
INSERT INTO `xmw_international` VALUES ('1f8cd9bc-681e-4d8d-a98d-3835f85abcac', 'tooltip', 'daa7e0f8-f7dc-4a14-beae-227108a57041', '权限标识是唯一的，用于做路由的权限管理', 'The permission identifier is unique and is used for routing permission management', 'ルーティングの権限管理をするための権限識別子は一意である', '權限標識是唯一的，用於做路由的權限管理', 'bf75a509-f90e-4a29-8bf7-470b581550f6', 1, '2022-09-27 16:07:22', '2022-11-30 10:54:08');
INSERT INTO `xmw_international` VALUES ('1fa8602e-09d1-4324-bfd4-ee45edadce5c', 'validator', 'bdcbe983-b255-4a6d-bf83-e5030a31a89f', '组织名称的长度在2-36个字符', 'The organization name can be 2-36 characters in length', '組織名の長さは2 ~ 36文字', '組織名稱的長度在2-36個字符', 'bf75a509-f90e-4a29-8bf7-470b581550f6', 1, '2022-10-21 09:55:44', '2022-11-30 10:54:08');
INSERT INTO `xmw_international` VALUES ('1ffb365b-11ad-4019-acdc-5807ba758d46', 'colorthief', '0bbbd355-2f75-45f8-bebf-dc835630a11b', NULL, NULL, NULL, NULL, 'bf75a509-f90e-4a29-8bf7-470b581550f6', 1, '2024-10-17 13:46:44', '2024-10-17 13:46:44');
INSERT INTO `xmw_international` VALUES ('20403df0-d670-4c4b-a7ea-0e2ae3d43dd3', 'hideInMenu', '1d9ddc96-9292-4f08-a359-0c1384ff5802', '隐藏菜单', 'Hidden Menu', '隠しメニュー', '隱藏菜單', 'bf75a509-f90e-4a29-8bf7-470b581550f6', 1, '2022-09-27 18:13:09', '2022-11-30 10:54:08');
INSERT INTO `xmw_international` VALUES ('218b6d3c-38df-4b88-b8dc-d544454297a1', 'personal-center', 'fd9a9de8-6044-42fc-a128-eba14bea123d', '个人中心', 'Personal Center', '個人センターです', '個人中心', 'bf75a509-f90e-4a29-8bf7-470b581550f6', 1, '2023-01-12 16:26:46', '2023-01-12 16:26:46');
INSERT INTO `xmw_international` VALUES ('22a98b3b-704e-4de2-8c90-34c2a1387f68', 'personal-center', 'e8922ec5-d0d2-4911-a146-80c2efdd38b5', '个人中心', 'Personal Center', '個人センターです', '個人中心', 'bf75a509-f90e-4a29-8bf7-470b581550f6', 8, '2023-01-12 15:25:20', '2023-01-12 15:25:28');
INSERT INTO `xmw_international` VALUES ('22b09a10-3417-4d53-9aed-b0f43927bb41', 'delete', '6d809d46-3509-4438-8a66-6d5baf0812af', NULL, NULL, NULL, NULL, 'bf75a509-f90e-4a29-8bf7-470b581550f6', 1, '2022-09-18 13:40:26', '2022-11-30 10:54:08');
INSERT INTO `xmw_international` VALUES ('22e08449-2621-4ed4-8b74-81402a93b86d', 'tooltip', '7dcad954-f775-4b52-abd7-23bd840139bb', '请填写 Remixicon 图标库的名称', 'Please fill in the name of the Remixicon icon library', 'Remixiconライブラリの名前をお願いします', '請填寫 Remixicon 圖標庫的名稱', 'bf75a509-f90e-4a29-8bf7-470b581550f6', 1, '2022-09-27 14:49:32', '2024-07-04 16:06:09');
INSERT INTO `xmw_international` VALUES ('234ca5d3-d0e3-4525-9d39-e500745ba791', 'table', '9d9e17ad-e767-4d9a-9102-1866c2590f74', NULL, NULL, NULL, NULL, 'bf75a509-f90e-4a29-8bf7-470b581550f6', 1, '2022-09-18 13:47:18', '2022-11-30 10:54:08');
INSERT INTO `xmw_international` VALUES ('23938b40-c7e0-4052-9dfa-1c8bdae91be5', 'placeholder', 'cf1e2401-7736-493e-9a6a-1b531740add5', '请输入用户密码', 'Please enter the user password', 'パスワードの入力をお願いします', '請輸入用戶密碼', 'bf75a509-f90e-4a29-8bf7-470b581550f6', 1, '2023-01-09 14:14:47', '2023-01-09 14:14:47');
INSERT INTO `xmw_international` VALUES ('23b940f6-0e71-4ab6-98f5-4c490cc57996', 'technology-stack', '08f997a9-39cb-4d35-bb73-8556a911e12f', '主要技术栈', 'Main technology stack', '主要な技術スタックです', '主要技術棧', 'bf75a509-f90e-4a29-8bf7-470b581550f6', 1, '2023-10-11 16:44:05', '2023-10-11 16:44:05');
INSERT INTO `xmw_international` VALUES ('244e23fd-62e6-40ee-a425-0a75d347ebde', 'UploadImage', '0c01ef7d-2f6f-440a-b642-62564d41f473', NULL, NULL, NULL, NULL, 'bf75a509-f90e-4a29-8bf7-470b581550f6', 1, '2023-09-15 17:01:53', '2023-09-15 17:01:53');
INSERT INTO `xmw_international` VALUES ('249390d8-aac5-4f96-8faa-d918715468c5', 'verify', 'a887b890-bf1c-46f5-90a3-6a30da04d515', '验证', 'Verify', '検証します', '驗證', 'bf75a509-f90e-4a29-8bf7-470b581550f6', 1, '2024-10-10 17:44:27', '2024-10-10 17:44:27');
INSERT INTO `xmw_international` VALUES ('24a818d2-2706-4339-aab8-827cb96e7319', 'title', 'bf652ff9-7210-4fda-9ece-4c7fa3e5ae87', '角色', 'Role', '役', '角色', 'bf75a509-f90e-4a29-8bf7-470b581550f6', 1, '2022-09-30 17:15:53', '2022-11-30 10:54:08');
INSERT INTO `xmw_international` VALUES ('251711b4-6fd3-4090-8a58-9cb67616e508', 'system', 'fd9a9de8-6044-42fc-a128-eba14bea123d', NULL, NULL, NULL, NULL, 'bf75a509-f90e-4a29-8bf7-470b581550f6', 1, '2022-09-17 11:58:59', '2022-11-30 10:54:08');
INSERT INTO `xmw_international` VALUES ('264f7bf8-c189-445d-aa08-bf8f52e23b7c', 'jobs_name', '2c90eea9-f0c8-48bb-a331-a9526c59f6a6', '岗位名称', 'Jobs Name', '持ち場の名称', '崗位名稱', 'bf75a509-f90e-4a29-8bf7-470b581550f6', 1, '2022-09-23 14:06:28', '2022-11-30 10:54:08');
INSERT INTO `xmw_international` VALUES ('2abb3cf1-a8a5-4979-bc8f-0d6ca312e362', 'delete', '505ca506-6cdc-4c88-b24b-479d6456bbde', '删除', 'Delete', '削除', '刪除', 'bf75a509-f90e-4a29-8bf7-470b581550f6', 1, '2022-10-08 14:05:00', '2022-11-30 10:54:08');
INSERT INTO `xmw_international` VALUES ('2c90eea9-f0c8-48bb-a331-a9526c59f6a6', 'jobs-management', 'aa2710b2-9faf-4369-aee3-ca7700d84e99', '岗位管理', 'Post Management', '持ち場管理', '崗位管理', 'bf75a509-f90e-4a29-8bf7-470b581550f6', 1, '2022-09-23 13:46:17', '2022-11-30 10:54:08');
INSERT INTO `xmw_international` VALUES ('2c9cd228-f7f2-42bb-bd05-182ac789a0c0', 'location', 'bf2ca4d5-cde9-46d4-930e-12a5aa95a1b6', '所在地', 'Location', '所在地です', '所在地', 'bf75a509-f90e-4a29-8bf7-470b581550f6', 1, '2024-10-28 10:02:34', '2024-10-28 10:02:34');
INSERT INTO `xmw_international` VALUES ('2d6b3ac4-0252-49a3-964b-e1f83e2783af', 'title', '5245540c-dfe2-4375-9964-96864b07b6e7', '语言', 'language', '言語', '語言', 'bf75a509-f90e-4a29-8bf7-470b581550f6', 1, '2022-09-18 14:17:38', '2022-11-30 10:54:08');
INSERT INTO `xmw_international` VALUES ('2d974d02-cba2-40be-bbb2-1672a231adbb', 'success', 'a887b890-bf1c-46f5-90a3-6a30da04d515', '恭喜您，答案正确！', 'Congratulations, the answer is correct!', 'おめでとうございます、正解です!', '恭喜您，答案正确！', 'bf75a509-f90e-4a29-8bf7-470b581550f6', 1, '2024-10-10 17:38:50', '2024-10-10 17:38:50');
INSERT INTO `xmw_international` VALUES ('3037d66a-efff-41e0-9bb4-0985b354c821', 'path', '1d9ddc96-9292-4f08-a359-0c1384ff5802', '路由地址', 'Route Path', '経路アドレス', '路由地址', 'bf75a509-f90e-4a29-8bf7-470b581550f6', 1, '2022-09-27 14:40:04', '2022-11-30 10:54:08');
INSERT INTO `xmw_international` VALUES ('30ca4dc3-3963-4c49-a8e2-650c8fc2d995', 'frontEnd', '0e4408f9-ac17-43de-a44a-309caed9d07b', '前端', 'FrontEnd', '先端部です', '前端', 'bf75a509-f90e-4a29-8bf7-470b581550f6', 1, '2024-07-08 10:25:19', '2024-07-08 11:35:55');
INSERT INTO `xmw_international` VALUES ('32382a53-d22b-447c-b1ef-e09b21b0d60a', 'yes', 'cf4506ae-fda5-495d-8fa7-e2b5cba992d5', '是', 'Yes', 'そうです', '是', 'bf75a509-f90e-4a29-8bf7-470b581550f6', 1, '2023-09-12 15:30:43', '2023-09-12 15:30:43');
INSERT INTO `xmw_international` VALUES ('3279af83-df2c-4f19-baef-75ada9d0e24c', 'scatter', 'acb2e8a1-da0e-4d83-9f88-ba2e5d7dc24c', '散点图', 'Scatter Chart', '散布図です', '散点图', 'bf75a509-f90e-4a29-8bf7-470b581550f6', 1, '2024-10-23 16:30:01', '2024-10-23 16:30:01');
INSERT INTO `xmw_international` VALUES ('32b547e4-e6a1-49bb-b801-cd377185ab43', 'menu-management', '48ea12ef-201f-4738-8af8-066533179393', '菜单管理', 'Menu Management', 'メニュー管理', '菜單管理', 'bf75a509-f90e-4a29-8bf7-470b581550f6', 88, '2022-09-27 09:56:31', '2022-11-30 10:54:08');
INSERT INTO `xmw_international` VALUES ('32c9f1bb-422e-4943-a21b-0f71e7298a3a', 'hideInBreadcrumb', '1d9ddc96-9292-4f08-a359-0c1384ff5802', '在面包屑中隐藏', 'Hide in the bread crumbs', 'パン屑の中に隠す', '在面包屑中隱藏', 'bf75a509-f90e-4a29-8bf7-470b581550f6', 1, '2022-09-27 18:14:06', '2022-11-30 10:54:08');
INSERT INTO `xmw_international` VALUES ('33f25830-6bdb-4a22-839a-15562e446c3f', 'form', '9d9e17ad-e767-4d9a-9102-1866c2590f74', NULL, NULL, NULL, NULL, 'bf75a509-f90e-4a29-8bf7-470b581550f6', 1, '2022-09-18 14:19:18', '2022-11-30 10:54:08');
INSERT INTO `xmw_international` VALUES ('34eca912-63b1-42ed-ba49-7e5d9a285aad', 'cn_name', '5ea52517-8c5e-419d-b59b-a923eb68f50e', '中文名', 'Cn Name', '日文名', '中文名', 'bf75a509-f90e-4a29-8bf7-470b581550f6', 1, '2022-10-08 14:14:32', '2022-11-30 10:54:08');
INSERT INTO `xmw_international` VALUES ('369bc722-201a-4379-b651-610f75719068', 'rules', '1f533660-151d-4646-8f04-63a6539ed094', '手机号码格式不正确！', 'The format of mobile phone number is incorrect!', '携帯の番号のフォーマットが正しくありません!', '手機號碼格式不正確！', 'bf75a509-f90e-4a29-8bf7-470b581550f6', 1, '2022-10-08 16:20:02', '2022-11-30 10:54:08');
INSERT INTO `xmw_international` VALUES ('3875430f-9d36-4a24-a7a7-663b32c9a752', 'menuHeaderRender', '1d9ddc96-9292-4f08-a359-0c1384ff5802', '显示菜单顶栏', 'Display the top bar of the menu', 'メニュートップを表示する', '顯示菜單頂欄', 'bf75a509-f90e-4a29-8bf7-470b581550f6', 1, '2022-09-27 18:17:35', '2022-11-30 10:54:08');
INSERT INTO `xmw_international` VALUES ('39830e44-0d09-4965-8d72-5bf82903a4af', 'subTitle', '6e81dad5-cff0-40e3-a4b6-66a272ee702e', '可将取色器移动到浏览器窗口中任意位置，即可获取到颜色值', 'You can move the color picker anywhere in the browser window to get the color value', 'カラーファインダーをブラウザのウィンドウ内のどこに移働させても、色の値を取得できます', '可將取色器移動到瀏覽器窗口中任意位置，即可獲取到顏色值', 'bf75a509-f90e-4a29-8bf7-470b581550f6', 1, '2024-10-17 15:48:12', '2024-10-17 15:48:12');
INSERT INTO `xmw_international` VALUES ('3b260bca-826a-4667-b1da-90bb185b8a61', 'add', 'fdaf8a23-8777-46ff-9142-f30eb3e4d8ee', '新建', 'New', '新築', '新建', 'bf75a509-f90e-4a29-8bf7-470b581550f6', 1, '2022-09-30 10:45:02', '2022-11-30 10:54:08');
INSERT INTO `xmw_international` VALUES ('3b64bc94-be26-403f-9536-75dae07aca86', 'open', '6e81dad5-cff0-40e3-a4b6-66a272ee702e', '打开取色器', 'Open the color extractor', '色取りをオンにします', '打開取色器', 'bf75a509-f90e-4a29-8bf7-470b581550f6', 1, '2024-10-17 15:55:17', '2024-10-17 15:55:17');
INSERT INTO `xmw_international` VALUES ('3c57950e-15d6-4c2b-ae37-07dfdc63c33b', 'access-system', '0f5ebfbf-bd14-4b5c-9bf5-67929e36f653', '进入系统', 'Access System', 'システムに入ります', '進入系統', 'bf75a509-f90e-4a29-8bf7-470b581550f6', 1, '2023-01-11 18:08:11', '2023-01-11 18:08:11');
INSERT INTO `xmw_international` VALUES ('3d280731-629d-449f-ba6c-ecd6f8a1617c', 'personal-setting', '22a98b3b-704e-4de2-8c90-34c2a1387f68', '个人设置', 'Personal Setting', '個人設定です', '個人設置', 'bf75a509-f90e-4a29-8bf7-470b581550f6', 1, '2023-01-12 15:26:51', '2023-01-12 15:26:51');
INSERT INTO `xmw_international` VALUES ('3d3e87e0-1072-45e6-bec2-b1080e4646d8', 'add', '32b547e4-e6a1-49bb-b801-cd377185ab43', '新建', 'New', '新築', '新建', 'bf75a509-f90e-4a29-8bf7-470b581550f6', 1, '2022-09-18 14:00:09', '2022-11-30 10:54:08');
INSERT INTO `xmw_international` VALUES ('3dc50878-9ba6-4b6d-aead-e8ef330a6d80', 'menuRender', '1d9ddc96-9292-4f08-a359-0c1384ff5802', '显示菜单', 'According to the menu', 'メニューを表示する', '顯示菜單', 'bf75a509-f90e-4a29-8bf7-470b581550f6', 1, '2022-09-27 18:16:45', '2022-11-30 10:54:08');
INSERT INTO `xmw_international` VALUES ('3f2d1b6c-85df-488b-b3b4-e537d523d124', 'add', 'f1a1c4f7-9122-42a6-a5f2-84ce59f37807', '新建', 'New', '新築', '新建', 'bf75a509-f90e-4a29-8bf7-470b581550f6', 1, '2023-08-28 09:17:46', '2023-08-28 09:18:00');
INSERT INTO `xmw_international` VALUES ('3f56a8e8-4bc1-4e88-9fdf-4466446be2d8', 'confirm-password', '5ea52517-8c5e-419d-b59b-a923eb68f50e', '确认密码', 'Confirm Password', 'パスワードを確認する', '確認密碼', 'bf75a509-f90e-4a29-8bf7-470b581550f6', 1, '2022-10-08 18:17:40', '2022-11-30 10:54:08');
INSERT INTO `xmw_international` VALUES ('41113d3c-53e7-4411-98bb-754e1fd8116c', 'password', '0f5ebfbf-bd14-4b5c-9bf5-67929e36f653', '锁屏密码', 'Screen lock password', 'スクリーンロックのパスワードです', '鎖屏密碼', 'bf75a509-f90e-4a29-8bf7-470b581550f6', 1, '2023-01-11 11:23:19', '2023-01-11 11:23:19');
INSERT INTO `xmw_international` VALUES ('41f82142-6334-4bc3-8287-606041455ade', 'headerTheme', '1d9ddc96-9292-4f08-a359-0c1384ff5802', '顶部菜单主题', 'Top menu Theme', 'トップメニューテーマ', '頂部菜單主題', 'bf75a509-f90e-4a29-8bf7-470b581550f6', 1, '2022-09-27 18:32:54', '2022-11-30 10:54:08');
INSERT INTO `xmw_international` VALUES ('43146455-b364-4767-85fb-ee6f529605e4', 'batch-delete', 'a3e5683c-c551-4f47-aa6e-15c64b69e01d', '批量删除', 'Batch delete', '一括削除です', '批量刪除', 'bf75a509-f90e-4a29-8bf7-470b581550f6', 1, '2024-10-25 16:37:20', '2024-10-28 16:57:01');
INSERT INTO `xmw_international` VALUES ('44182887-f08b-45b3-9291-5dfd4506a804', 'work-bench', 'ceca59e9-005c-42da-83e3-415fac994fac', '工作台', 'Work Bench', '作業台', '工作臺', 'bf75a509-f90e-4a29-8bf7-470b581550f6', 1, '2022-09-17 11:44:57', '2022-11-30 10:54:08');
INSERT INTO `xmw_international` VALUES ('4427af84-5f03-4fa3-8336-f3032b75e972', 'colorthief', '81f110c8-c522-4f91-ad29-99d15d1a0d06', '图片取色盘', 'Picture palette', '画像パレットです', '圖片調色盤', 'bf75a509-f90e-4a29-8bf7-470b581550f6', 1, '2024-10-17 13:45:37', '2024-10-17 13:45:37');
INSERT INTO `xmw_international` VALUES ('445c5183-ffd5-48c6-864e-a9286303413f', 'error', 'a887b890-bf1c-46f5-90a3-6a30da04d515', '很遗憾，答案错误，请再试一次', 'Unfortunately, the answer is wrong. Please try again', '残念ですが,答えはまちがっていますので,もう一度やってください', '很遗憾，答案错误，请再试一次', 'bf75a509-f90e-4a29-8bf7-470b581550f6', 1, '2024-10-10 17:39:32', '2024-10-10 17:39:32');
INSERT INTO `xmw_international` VALUES ('44d78ea8-4ab3-4073-b2c3-628b011b7f40', 'user-information', '5769baab-d018-4c98-8d60-05a98f46fb15', '用户信息', 'User Information', 'ユーザー情報', '用戶信息', 'bf75a509-f90e-4a29-8bf7-470b581550f6', 1, '2022-10-08 16:35:46', '2022-11-30 10:54:08');
INSERT INTO `xmw_international` VALUES ('44fe6614-f996-4c29-b06b-b41ca15a67f2', 'login', 'e2b4930b-9c4d-410a-a05c-1e7ddbe5d21a', NULL, NULL, NULL, NULL, 'bf75a509-f90e-4a29-8bf7-470b581550f6', 1, '2022-09-17 11:52:49', '2023-09-07 17:26:55');
INSERT INTO `xmw_international` VALUES ('4738239a-ddd2-41d8-8a94-88060de98a7b', 'account-password', 'e8ca71aa-4c2b-42c2-ac80-63677e1d80d7', '账户密码', 'Account Password', '口座番号です', '賬戶密碼', 'bf75a509-f90e-4a29-8bf7-470b581550f6', 1, '2023-01-13 18:19:46', '2023-01-13 18:19:46');
INSERT INTO `xmw_international` VALUES ('47d4736b-ae0d-46dc-bdb5-41d1a4d71b8b', 'name', '5245540c-dfe2-4375-9964-96864b07b6e7', '国际化字段', 'Internationalization field', '国際化フィールド', '國際化字段', 'bf75a509-f90e-4a29-8bf7-470b581550f6', 1, '2022-09-18 14:04:24', '2022-11-30 10:54:08');
INSERT INTO `xmw_international` VALUES ('47d58197-23db-4141-bebc-9bb4eff41032', 'right', '1d0c376a-0d14-4699-ae9f-712696e977b1', '关闭右侧', 'Close the Right', '右側を閉じる', '關閉右側', 'bf75a509-f90e-4a29-8bf7-470b581550f6', 1, '2022-09-21 14:56:51', '2023-10-25 13:39:33');
INSERT INTO `xmw_international` VALUES ('47eba309-b9b8-4943-9e6c-cf2296e41214', 'add', '9d8cdcd5-2151-43fe-8230-3ae610a9b3e3', '新建', 'New', '新築', '新建', 'bf75a509-f90e-4a29-8bf7-470b581550f6', 99, '2022-09-30 10:41:29', '2022-11-30 10:54:08');
INSERT INTO `xmw_international` VALUES ('483a6715-cd98-4c9e-9169-bf606f175ec5', 'latest-announcement', '08f997a9-39cb-4d35-bb73-8556a911e12f', '最新公告', 'Latest Announcement', '最新の発表です', '最新公告', 'bf75a509-f90e-4a29-8bf7-470b581550f6', 1, '2023-10-11 16:28:04', '2023-10-11 16:28:04');
INSERT INTO `xmw_international` VALUES ('48ea12ef-201f-4738-8af8-066533179393', 'system', 'e8922ec5-d0d2-4911-a146-80c2efdd38b5', '系统设置', 'System Settings', 'システム設定', '系統設置', 'bf75a509-f90e-4a29-8bf7-470b581550f6', 1, '2022-09-17 11:49:51', '2022-11-30 10:54:08');
INSERT INTO `xmw_international` VALUES ('49297e11-6817-4dab-bc40-5d6deb5f60ba', 'validator', 'bbeca07e-bef0-41e4-8700-116099451757', '角色名称的长度在2-36个字符', 'The character name can be 2-36 characters long', '役名の長さは2 ~ 36文字', '角色名稱的長度在2-36個字符', 'bf75a509-f90e-4a29-8bf7-470b581550f6', 1, '2022-11-03 10:07:42', '2022-11-30 10:54:08');
INSERT INTO `xmw_international` VALUES ('496948de-af3f-4157-9f68-597882da5f9d', 'captcha', '81f110c8-c522-4f91-ad29-99d15d1a0d06', '验证码', 'Captcha', 'captchaコードです', '驗證碼', 'bf75a509-f90e-4a29-8bf7-470b581550f6', 1, '2024-10-10 13:53:12', '2024-10-10 14:19:24');
INSERT INTO `xmw_international` VALUES ('49e7903b-0018-44f4-a93d-aced78460bc6', 'react', '1c5face7-ec06-465f-b67e-bf2c8183cc0a', 'React文档', 'React Documentation', 'Reactドキュメントです', 'React文檔', 'bf75a509-f90e-4a29-8bf7-470b581550f6', 10, '2023-08-11 16:13:24', '2023-08-11 17:50:22');
INSERT INTO `xmw_international` VALUES ('4cdb34d3-25dc-4fe1-abee-862989ad6c57', 'role_id', '5ea52517-8c5e-419d-b59b-a923eb68f50e', '所属角色', 'Subordinate Role', '所属するキャラクター', '所屬角色', 'bf75a509-f90e-4a29-8bf7-470b581550f6', 1, '2022-10-08 16:00:05', '2022-11-30 10:54:08');
INSERT INTO `xmw_international` VALUES ('4e17740d-5947-47cf-971c-fcadecbec940', 'edit', '32b547e4-e6a1-49bb-b801-cd377185ab43', '编辑', 'Edit', '編集', '編輯', 'bf75a509-f90e-4a29-8bf7-470b581550f6', 1, '2022-09-18 13:49:26', '2022-11-30 10:54:08');
INSERT INTO `xmw_international` VALUES ('4e2cec00-0c78-4b4a-b9cb-038b25d038f9', 'eye-dropper', '81f110c8-c522-4f91-ad29-99d15d1a0d06', '系统级取色器', 'System level color extractor', 'システムレベルの色取り機です', '系統級取色器', 'bf75a509-f90e-4a29-8bf7-470b581550f6', 1, '2024-10-17 15:47:28', '2024-10-17 15:47:28');
INSERT INTO `xmw_international` VALUES ('4e2d529b-f6b9-4fbb-aded-474ac0d3e5bc', 'light', 'ccc0571a-c91b-42e3-aefd-86ac6973c9d9', '亮色风格', 'Light', '明るい色のスタイルです', '亮色風格', 'bf75a509-f90e-4a29-8bf7-470b581550f6', 1, '2023-09-26 09:02:25', '2023-09-26 09:02:25');
INSERT INTO `xmw_international` VALUES ('4e81caa4-2285-4aca-9e75-4e37cf8dbffa', 'redirect', '1d9ddc96-9292-4f08-a359-0c1384ff5802', '重定向', 'Redirect', 'リダイレクト', '重定向', 'bf75a509-f90e-4a29-8bf7-470b581550f6', 1, '2022-09-27 14:44:36', '2022-11-30 10:54:08');
INSERT INTO `xmw_international` VALUES ('4ecb6135-4623-43ff-a988-08cb4ca4c13e', 'blog-tip', '08f997a9-39cb-4d35-bb73-8556a911e12f', '访问博客', 'Visit blog', 'ブログにアクセスします', '訪問博客', 'bf75a509-f90e-4a29-8bf7-470b581550f6', 1, '2023-10-11 10:09:07', '2023-10-11 10:09:07');
INSERT INTO `xmw_international` VALUES ('4f8bb98f-1ea9-4dde-946b-f2897db47a6c', 'account', '5aaeba0a-4891-4bf5-9b09-cffbd8b36a86', '账号密码登录', 'Account Password Login', 'アカウントのパスワード登録', '賬號密碼登錄', 'bf75a509-f90e-4a29-8bf7-470b581550f6', 1, '2022-10-11 17:42:15', '2022-11-30 10:54:08');
INSERT INTO `xmw_international` VALUES ('4faea96a-a6ed-4509-90b4-f398e25f0ee0', 'logout', 'fd9a9de8-6044-42fc-a128-eba14bea123d', NULL, NULL, NULL, NULL, 'bf75a509-f90e-4a29-8bf7-470b581550f6', 1, '2022-12-09 18:11:06', '2022-12-09 18:11:06');
INSERT INTO `xmw_international` VALUES ('4ff5485e-8e16-4ad6-933f-027f07d0bb9b', 'unit', 'b786f8b1-4111-4fda-b16a-70bc010fe892', '单位', 'Unit', '単位です', '單位', 'bf75a509-f90e-4a29-8bf7-470b581550f6', 1, '2023-09-19 14:07:48', '2023-09-19 14:07:48');
INSERT INTO `xmw_international` VALUES ('505ca506-6cdc-4c88-b24b-479d6456bbde', 'user-management', '48ea12ef-201f-4738-8af8-066533179393', '用户管理', 'User Management', 'ユーザー管理', '用戶管理', 'bf75a509-f90e-4a29-8bf7-470b581550f6', 99, '2022-09-17 11:50:13', '2022-11-30 10:54:08');
INSERT INTO `xmw_international` VALUES ('5073be03-8237-4fbb-9517-a10a05e6abc0', 'delete', '32b547e4-e6a1-49bb-b801-cd377185ab43', '删除', 'Delete', '削除', '刪除', 'bf75a509-f90e-4a29-8bf7-470b581550f6', 1, '2022-09-18 13:50:05', '2022-11-30 10:54:08');
INSERT INTO `xmw_international` VALUES ('50d475a0-e2b8-4997-8426-a1e067b1db11', 'organization', 'aa2710b2-9faf-4369-aee3-ca7700d84e99', '组织管理', 'Organization Management', '組織マネジメント', '組織管理', 'bf75a509-f90e-4a29-8bf7-470b581550f6', 1, '2022-09-17 11:58:50', '2022-11-30 10:54:08');
INSERT INTO `xmw_international` VALUES ('51738317-f9fc-48e2-9ace-b418fdacf8e3', 'role-management', '48ea12ef-201f-4738-8af8-066533179393', '角色管理', 'Role Management', '役割管理', '角色管理', 'bf75a509-f90e-4a29-8bf7-470b581550f6', 66, '2022-09-30 17:00:09', '2022-11-30 10:54:08');
INSERT INTO `xmw_international` VALUES ('52438e54-284f-421d-9367-33e19dfe42b2', 'gantt', '81f110c8-c522-4f91-ad29-99d15d1a0d06', '甘特图', 'Gantt chart', 'ガントチャートです', '甘特圖', 'bf75a509-f90e-4a29-8bf7-470b581550f6', 1, '2024-10-16 13:41:40', '2024-10-16 13:41:40');
INSERT INTO `xmw_international` VALUES ('5245540c-dfe2-4375-9964-96864b07b6e7', 'internationalization', '251711b4-6fd3-4090-8a58-9cb67616e508', '国际化', 'Internationalization', '国際化', '國際化', 'bf75a509-f90e-4a29-8bf7-470b581550f6', 1, '2022-09-17 11:59:39', '2022-11-30 10:54:08');
INSERT INTO `xmw_international` VALUES ('545b1f16-6cff-47da-a8a9-c6cf99af37ca', 'placeholder', '5f4057a8-db52-42c4-a4ca-5ca7761169e8', '密码:', 'Password:', '\'パスワード: ', '密碼:', 'bf75a509-f90e-4a29-8bf7-470b581550f6', 1, '2022-09-17 11:57:18', '2022-11-30 10:54:08');
INSERT INTO `xmw_international` VALUES ('54ea89f0-1018-4c24-89fd-cedde641ce98', 'file-preview', '0bbbd355-2f75-45f8-bebf-dc835630a11b', NULL, NULL, NULL, NULL, 'bf75a509-f90e-4a29-8bf7-470b581550f6', 1, '2024-10-22 13:47:39', '2024-10-22 13:47:39');
INSERT INTO `xmw_international` VALUES ('557122ed-0417-45df-8ee7-db7bc446934e', 'work_no', '5ea52517-8c5e-419d-b59b-a923eb68f50e', '工号', 'Work No', '工号', '工號', 'bf75a509-f90e-4a29-8bf7-470b581550f6', 1, '2022-10-08 14:15:53', '2022-11-30 10:54:08');
INSERT INTO `xmw_international` VALUES ('55d9a74a-d5fa-44e2-aea4-784d03d076d4', 'subTitle', '869ca4b5-af55-4461-920c-56de1ea6ca20', '图片懒加载核心就是判断当前图片是否到了可视区域，基于 IntersectionObserver API来实现了图片的懒加载', 'The core of image lazy loading is to determine whether the current image is in the visible area, and it implements image lazy loading based on IntersectionObserver API', 'ピクチャラックローディングコアは、現在の画像が可視領域に来ているかどうかを判定するもので、IntersectionObserver APIに基づいて画像のラックローディングを実現します', '圖片懶加載核心就是判斷當前圖片是否到了可視區域，基於 IntersectionObserver API來實現了圖片的懶加載', 'bf75a509-f90e-4a29-8bf7-470b581550f6', 1, '2024-10-17 09:29:48', '2024-10-17 09:29:48');
INSERT INTO `xmw_international` VALUES ('5769baab-d018-4c98-8d60-05a98f46fb15', 'steps-form', '5ea52517-8c5e-419d-b59b-a923eb68f50e', NULL, NULL, NULL, NULL, 'bf75a509-f90e-4a29-8bf7-470b581550f6', 1, '2022-10-08 16:34:50', '2022-11-30 10:54:08');
INSERT INTO `xmw_international` VALUES ('57bae84c-e7e0-484d-b3c1-83f12d281cd7', 'seleted', '87050d72-b32a-414f-97c9-a139c8dd308d', '请选择', 'Please Selected ', '選んでください', '請選擇', 'bf75a509-f90e-4a29-8bf7-470b581550f6', 1, '2022-09-18 17:53:53', '2023-08-31 15:12:54');
INSERT INTO `xmw_international` VALUES ('57c8e251-49fb-4b9b-8444-587e779312d7', 'first-login', '0adff35e-9313-4119-a4f6-80dc8cda5558', '这是您第一次登录系统！', 'This is your first login to the system!', 'システムへのログインは初めてです!', '這是您第一次登錄系統！', 'bf75a509-f90e-4a29-8bf7-470b581550f6', 1, '2022-12-13 14:59:50', '2022-12-13 14:59:50');
INSERT INTO `xmw_international` VALUES ('584f8707-7c8c-469a-b014-a98783774505', 'lazyload', '81f110c8-c522-4f91-ad29-99d15d1a0d06', '懒加载', 'Lazyload', '怠惰なロードです', '懶加載', 'bf75a509-f90e-4a29-8bf7-470b581550f6', 1, '2024-10-16 18:04:16', '2024-10-16 18:06:52');
INSERT INTO `xmw_international` VALUES ('5964805c-222d-4412-8abc-c8ce93e7e97c', 'StrengthMeter', '0c01ef7d-2f6f-440a-b642-62564d41f473', NULL, NULL, NULL, NULL, 'bf75a509-f90e-4a29-8bf7-470b581550f6', 1, '2023-01-12 18:10:17', '2023-01-12 18:10:17');
INSERT INTO `xmw_international` VALUES ('5967f54b-a258-4d88-a73b-5f142f16c306', 'user_name', '4f8bb98f-1ea9-4dde-946b-f2897db47a6c', NULL, NULL, NULL, NULL, 'bf75a509-f90e-4a29-8bf7-470b581550f6', 1, '2022-09-17 11:55:24', '2022-11-30 10:54:08');
INSERT INTO `xmw_international` VALUES ('5991245d-21ae-40c4-993f-73fa75600b8f', 'tip', '4738239a-ddd2-41d8-8a94-88060de98a7b', '当前密码强度', 'Current password strength', '現在の暗号強度です', '當前密碼強度', 'bf75a509-f90e-4a29-8bf7-470b581550f6', 1, '2023-01-13 18:21:07', '2023-01-13 18:21:07');
INSERT INTO `xmw_international` VALUES ('59f454ea-e263-4870-8a9a-6a393eda0346', 'tooltip', 'c6271c0e-277f-4f81-b177-1c62ecc3d493', '请选择国际化绑定的字段', 'Select fields for internationalized binding', '国際化バインディングのフィールドを選んでください', '請選擇國際化綁定的字段', 'bf75a509-f90e-4a29-8bf7-470b581550f6', 1, '2022-09-27 11:13:46', '2022-11-30 10:54:08');
INSERT INTO `xmw_international` VALUES ('5a165777-4a9b-4e49-8a77-6f4e26ed1b7f', 'menu_permission', 'bf652ff9-7210-4fda-9ece-4c7fa3e5ae87', '菜单权限', 'Menu Permissions', 'メニュー権限', '菜單權限', 'bf75a509-f90e-4a29-8bf7-470b581550f6', 1, '2022-09-30 17:58:41', '2022-11-30 10:54:08');
INSERT INTO `xmw_international` VALUES ('5aaeba0a-4891-4bf5-9b09-cffbd8b36a86', 'type', '44fe6614-f996-4c29-b06b-b41ca15a67f2', NULL, NULL, NULL, NULL, 'bf75a509-f90e-4a29-8bf7-470b581550f6', 1, '2022-10-11 17:41:21', '2022-11-30 10:54:08');
INSERT INTO `xmw_international` VALUES ('5b1bfcc3-20ca-4704-9eb1-6548ff5f2d4b', 'zh-CN', '5245540c-dfe2-4375-9964-96864b07b6e7', '中文', 'Chinese', '中文', '中文', 'bf75a509-f90e-4a29-8bf7-470b581550f6', 1, '2022-09-18 14:06:17', '2022-11-30 10:54:08');
INSERT INTO `xmw_international` VALUES ('5bc83778-e508-4cfd-858d-5c360b94f3fb', 'FullScreen', 'a6a9d897-a458-43a8-913e-45ee9f8c7971', '全屏', 'FullScreen', '全般', '全屏', 'bf75a509-f90e-4a29-8bf7-470b581550f6', 1, '2023-01-03 16:15:17', '2023-09-14 15:54:30');
INSERT INTO `xmw_international` VALUES ('5d09895d-3852-4f09-9c6e-9110ecaf53e6', 'group', 'b786f8b1-4111-4fda-b16a-70bc010fe892', '集团', 'Group', 'グループです', '集團', 'bf75a509-f90e-4a29-8bf7-470b581550f6', 1, '2023-09-19 14:06:55', '2023-09-19 14:06:55');
INSERT INTO `xmw_international` VALUES ('5ea52517-8c5e-419d-b59b-a923eb68f50e', 'user-management', '251711b4-6fd3-4090-8a58-9cb67616e508', '用户管理', 'User Management', 'ユーザー管理', '用戶管理', 'bf75a509-f90e-4a29-8bf7-470b581550f6', 1, '2022-09-17 11:59:20', '2022-11-30 10:54:08');
INSERT INTO `xmw_international` VALUES ('5f4057a8-db52-42c4-a4ca-5ca7761169e8', 'password', '4f8bb98f-1ea9-4dde-946b-f2897db47a6c', NULL, NULL, NULL, NULL, 'bf75a509-f90e-4a29-8bf7-470b581550f6', 1, '2022-09-17 11:56:52', '2022-11-30 10:54:08');
INSERT INTO `xmw_international` VALUES ('5f5f29f7-b79e-4937-adec-3906bf1e27c8', 'left', '1d0c376a-0d14-4699-ae9f-712696e977b1', '关闭左侧', 'Close the Left', '左側を閉じる', '關閉左側', 'bf75a509-f90e-4a29-8bf7-470b581550f6', 1, '2022-09-21 14:55:41', '2023-10-25 13:39:41');
INSERT INTO `xmw_international` VALUES ('60ba1100-72a4-4484-bd7f-e273f826408f', 'others', '1d0c376a-0d14-4699-ae9f-712696e977b1', '关闭其它', 'Close the Other', 'その他を閉じる', '關閉其它', 'bf75a509-f90e-4a29-8bf7-470b581550f6', 1, '2022-09-21 14:54:57', '2023-10-25 13:39:49');
INSERT INTO `xmw_international` VALUES ('60c26b8b-4bc1-4ae5-8d8c-4176c89698c1', 'author', 'b411813b-aaaf-4bd8-958d-1682a1f87b68', '作者', 'Author', '作者です', '作者', 'bf75a509-f90e-4a29-8bf7-470b581550f6', 1, '2023-08-30 10:03:16', '2023-08-30 10:03:16');
INSERT INTO `xmw_international` VALUES ('610ff8fc-bf38-418e-a81e-3a517e1b5d8f', 'excel', '54ea89f0-1018-4c24-89fd-cedde641ce98', 'Excel 文件', 'Excel File', 'Excelファイルです', 'Excel 文件', 'bf75a509-f90e-4a29-8bf7-470b581550f6', 1, '2024-10-22 13:49:06', '2024-10-22 13:49:06');
INSERT INTO `xmw_international` VALUES ('6195d09a-12a6-4d35-8586-f54298228619', 'failure', '44fe6614-f996-4c29-b06b-b41ca15a67f2', '登录失败，请重试！', 'Login failed, please try again!', 'ログインに失敗したら、もう一度試してください!', '登錄失敗，請重試！', 'bf75a509-f90e-4a29-8bf7-470b581550f6', 1, '2022-09-17 11:54:48', '2022-11-30 10:54:08');
INSERT INTO `xmw_international` VALUES ('61a3ef50-2bd0-4093-bae1-e6bc494369e6', 'delete', 'f1a1c4f7-9122-42a6-a5f2-84ce59f37807', '删除', 'Delete', '削除', '刪除', 'bf75a509-f90e-4a29-8bf7-470b581550f6', 1, '2023-08-28 09:18:49', '2023-08-28 09:18:49');
INSERT INTO `xmw_international` VALUES ('6262ffe4-2964-405c-a43a-caab05f1a989', 'weak', '5964805c-222d-4412-8abc-c8ce93e7e97c', '弱', 'weak', '弱い', '弱', 'bf75a509-f90e-4a29-8bf7-470b581550f6', 1, '2023-01-12 18:11:26', '2023-01-12 18:11:26');
INSERT INTO `xmw_international` VALUES ('62995298-954e-46de-8db1-912444b7f162', 'dragCaptcha', 'a887b890-bf1c-46f5-90a3-6a30da04d515', '滑块验证码', 'Drag Captcha', 'スライダー認証コードです', '滑塊驗證碼', 'bf75a509-f90e-4a29-8bf7-470b581550f6', 1, '2024-10-11 11:06:21', '2024-10-11 11:06:21');
INSERT INTO `xmw_international` VALUES ('630b29a5-77d0-4c50-867c-226227ce6fd5', 'add-child', 'fdaf8a23-8777-46ff-9142-f30eb3e4d8ee', '添加子级', 'Add Child', 'サブレベルを追加する', '添加子级', 'bf75a509-f90e-4a29-8bf7-470b581550f6', 1, '2022-09-30 10:43:35', '2023-08-31 17:24:40');
INSERT INTO `xmw_international` VALUES ('636af2d2-52ac-4228-89bb-e7876c2d1e4b', 'nest', '1c5face7-ec06-465f-b67e-bf2c8183cc0a', 'Nest文档', 'Nest Documentation', 'Nestドキュメントです', 'Nest文檔', 'bf75a509-f90e-4a29-8bf7-470b581550f6', 8, '2023-08-11 17:18:09', '2023-08-11 17:50:30');
INSERT INTO `xmw_international` VALUES ('641f3543-8091-4202-9978-2423a66cb6c9', 'personal-setting', '218b6d3c-38df-4b88-b8dc-d544454297a1', '个人设置', 'Personal Setting', '個人設定です', '個人設置', 'bf75a509-f90e-4a29-8bf7-470b581550f6', 1, '2023-01-12 16:33:05', '2023-01-12 16:33:05');
INSERT INTO `xmw_international` VALUES ('64c7de39-a58c-4313-a254-23e0c95bcd64', 'reset', 'a887b890-bf1c-46f5-90a3-6a30da04d515', '重置', 'Reset', 'リセットします', '重置', 'bf75a509-f90e-4a29-8bf7-470b581550f6', 1, '2024-10-11 14:15:04', '2024-10-11 14:15:04');
INSERT INTO `xmw_international` VALUES ('64fe07c6-7a40-4f2a-9f66-a0d9b3af2d80', 'thumbnail', 'ae377264-6ae7-4de0-9213-fbb3e9794171', '缩略图', 'Thumbnail', 'サムネイル画像です', '縮略圖', 'bf75a509-f90e-4a29-8bf7-470b581550f6', 1, '2024-10-21 10:03:15', '2024-10-21 10:03:15');
INSERT INTO `xmw_international` VALUES ('6529451e-64d0-4f65-b80b-d806722daf75', 'leader', '33f25830-6bdb-4a22-839a-15562e446c3f', '负责人', 'Leader', '責任者', '負責人', 'bf75a509-f90e-4a29-8bf7-470b581550f6', 1, '2022-12-01 17:02:46', '2022-12-01 17:02:46');
INSERT INTO `xmw_international` VALUES ('67761aaf-1f58-4afa-97be-613221d397f2', 'add-child', 'c4d9c21d-f619-48eb-8ceb-537cb064247e', '添加子级', 'Add Child', 'サブレベルを追加する', '添加子级', 'bf75a509-f90e-4a29-8bf7-470b581550f6', 66, '2022-09-30 10:19:01', '2022-11-30 10:54:08');
INSERT INTO `xmw_international` VALUES ('67914d51-62fe-4bf7-b6e2-c8e6987e9a1b', 'git-log', '08f997a9-39cb-4d35-bb73-8556a911e12f', 'Git 更新日志', 'Git update log', 'Git更新ログです', 'Git 更新日誌', 'bf75a509-f90e-4a29-8bf7-470b581550f6', 1, '2023-10-11 16:25:59', '2023-10-11 16:25:59');
INSERT INTO `xmw_international` VALUES ('68e87020-2ff1-484e-a2d8-23e6b7f58b4c', 'basic-setting', '641f3543-8091-4202-9978-2423a66cb6c9', '基本设置', 'Basic Setting', '基本設定です', '基本設置', 'bf75a509-f90e-4a29-8bf7-470b581550f6', 1, '2023-01-12 18:17:06', '2023-01-12 18:17:06');
INSERT INTO `xmw_international` VALUES ('69499142-5a66-4923-b1df-2397ad516149', 'sex', '5ea52517-8c5e-419d-b59b-a923eb68f50e', '性别', 'Sex', '性别', '性別', 'bf75a509-f90e-4a29-8bf7-470b581550f6', 1, '2022-10-08 17:35:18', '2022-11-30 10:54:08');
INSERT INTO `xmw_international` VALUES ('69601e1c-5c18-4121-b30e-9ee7f903fb8d', 'tooltip', '8eec5109-65ca-45ca-a247-3ff9a61667d0', '导航菜单的位置,side 为正常模式，top菜单显示在顶部，mix 两种兼有', 'The location of the navigation menu,side is the normal mode, the top menu is displayed on the top, and MIX has both', 'ナビゲーションメニューの位置は、sideがノーマルモード、topメニューが上部に表示され、mixの2種類を兼ねている', '導航菜單的位置,side 為正常模式，top菜單顯示在頂部，mix 兩種兼有', 'bf75a509-f90e-4a29-8bf7-470b581550f6', 1, '2022-09-27 18:25:50', '2022-11-30 10:54:08');
INSERT INTO `xmw_international` VALUES ('6b14f19e-3728-4abf-abd6-56b0a1df9d39', 'tip', '8c5b3043-89c4-4266-b262-9002ad757b4b', '修改密码后，你将退出当前页面重新登录', 'After changing the password, you will exit the current page and log in again', 'パスワードを変更すると、ログアウトしてログインし直します。', '修改密碼後，你將退出當前頁面重新登錄', 'bf75a509-f90e-4a29-8bf7-470b581550f6', 1, '2023-01-12 17:03:29', '2023-01-12 17:03:29');
INSERT INTO `xmw_international` VALUES ('6bfdeee5-3b40-4eb8-9b6e-43fabfc2458e', 'obtain', 'b4886664-cdd0-4108-ac7f-e0758cb14db2', '获取', 'Obtain', '取得', '獲取', 'bf75a509-f90e-4a29-8bf7-470b581550f6', 1, '2022-10-11 17:52:51', '2022-11-30 10:54:08');
INSERT INTO `xmw_international` VALUES ('6ce14350-b984-4405-ab87-ec0826948203', 'user_name', '5ea52517-8c5e-419d-b59b-a923eb68f50e', '用户名', 'User Name', 'ユーザー名', '用戶名', 'bf75a509-f90e-4a29-8bf7-470b581550f6', 1, '2022-10-08 14:11:13', '2022-11-30 10:54:08');
INSERT INTO `xmw_international` VALUES ('6d2c19d9-5e21-41fa-99af-e35d1f7d1d0b', 'describe', '234ca5d3-d0e3-4525-9d39-e500745ba791', '描述', 'describe', '描写', '描述', 'bf75a509-f90e-4a29-8bf7-470b581550f6', 1, '2022-09-23 14:15:59', '2022-11-30 10:54:08');
INSERT INTO `xmw_international` VALUES ('6d809d46-3509-4438-8a66-6d5baf0812af', 'message', '9d9e17ad-e767-4d9a-9102-1866c2590f74', NULL, NULL, NULL, NULL, 'bf75a509-f90e-4a29-8bf7-470b581550f6', 1, '2022-09-18 13:50:54', '2022-11-30 10:54:08');
INSERT INTO `xmw_international` VALUES ('6e81dad5-cff0-40e3-a4b6-66a272ee702e', 'eye-dropper', '0bbbd355-2f75-45f8-bebf-dc835630a11b', NULL, NULL, NULL, NULL, 'bf75a509-f90e-4a29-8bf7-470b581550f6', 1, '2024-10-17 15:47:38', '2024-10-17 15:47:38');
INSERT INTO `xmw_international` VALUES ('6fad92cf-d40f-4e80-8ba6-29ec6c37725a', 'secure-mailbox', 'e8ca71aa-4c2b-42c2-ac80-63677e1d80d7', '安全邮箱', 'Secure Mailbox', '安全メールボックスです', '安全郵箱', 'bf75a509-f90e-4a29-8bf7-470b581550f6', 1, '2023-01-13 18:24:13', '2023-01-13 18:24:13');
INSERT INTO `xmw_international` VALUES ('70e7e9a0-159c-497d-8e68-a5308b84b675', 'target', '1d9ddc96-9292-4f08-a359-0c1384ff5802', '窗口打开方式', 'Window opening mode', 'ウィンドウの開き方', '窗口打開方式', 'bf75a509-f90e-4a29-8bf7-470b581550f6', 1, '2022-09-27 16:02:28', '2022-11-30 10:54:08');
INSERT INTO `xmw_international` VALUES ('72503261-9838-40b8-995e-e4f4751c66b9', 'department', 'b786f8b1-4111-4fda-b16a-70bc010fe892', '部门', 'Department', '部署です', '部門', 'bf75a509-f90e-4a29-8bf7-470b581550f6', 1, '2023-09-19 14:08:22', '2023-09-19 14:08:22');
INSERT INTO `xmw_international` VALUES ('7287f78c-fb97-4026-ab11-35aab662705d', 'personal-information', '5769baab-d018-4c98-8d60-05a98f46fb15', '个人信息', 'Personal Information', '個人情報', '個人信息', 'bf75a509-f90e-4a29-8bf7-470b581550f6', 1, '2022-10-08 17:11:54', '2022-11-30 10:54:08');
INSERT INTO `xmw_international` VALUES ('7389515b-cbc7-4608-a757-c9b235e1b77a', 'accept', '244e23fd-62e6-40ee-a425-0a75d347ebde', '只能上传 {type} 文件！', 'Only {type} files can be uploaded!', '{type}ファイルのみアップロードできます!', '只能上傳 {type} 文件！', 'bf75a509-f90e-4a29-8bf7-470b581550f6', 1, '2023-09-15 17:06:21', '2023-09-15 17:06:21');
INSERT INTO `xmw_international` VALUES ('74312053-cc00-4b2b-b9ce-052088fb4d70', 'method', 'bf2ca4d5-cde9-46d4-930e-12a5aa95a1b6', '请求方式', 'Request method', '請求方法です', '請求方式', 'bf75a509-f90e-4a29-8bf7-470b581550f6', 1, '2023-03-20 15:48:39', '2023-03-20 15:48:39');
INSERT INTO `xmw_international` VALUES ('7472080e-dcda-45ab-b351-29ea7385a822', 'os', 'bf2ca4d5-cde9-46d4-930e-12a5aa95a1b6', '操作系统', 'OS', 'osです', '操作系統', 'bf75a509-f90e-4a29-8bf7-470b581550f6', 1, '2023-03-20 15:50:08', '2024-10-25 15:00:29');
INSERT INTO `xmw_international` VALUES ('7584d757-277a-4ed8-a797-1c21a03207b0', 'error', 'cf1e2401-7736-493e-9a6a-1b531740add5', '密码不正确，请重新输入!', 'Password is incorrect, please re-enter!', 'パスワードが正しくありません。入力し直してください。', '密碼不正確，請重新輸入!', 'bf75a509-f90e-4a29-8bf7-470b581550f6', 1, '2023-01-09 14:18:11', '2023-01-09 14:18:11');
INSERT INTO `xmw_international` VALUES ('75abf5be-600b-4f91-b5e6-1cf22e2932d6', 'preview', '7b12ebc6-e48a-4a0c-be28-acd440a6dde4', '预览', 'Preview', 'プレビューです', '預覽', 'bf75a509-f90e-4a29-8bf7-470b581550f6', 1, '2023-10-26 15:51:32', '2023-10-26 15:51:32');
INSERT INTO `xmw_international` VALUES ('76b6beea-a909-47f6-a14e-416dc11a1e08', 'fixedHeader', '1d9ddc96-9292-4f08-a359-0c1384ff5802', '固定顶栏', 'Fixed the top bar', 'トップバーを固定する', '固定頂欄', 'bf75a509-f90e-4a29-8bf7-470b581550f6', 1, '2022-09-27 18:19:37', '2022-11-30 10:54:08');
INSERT INTO `xmw_international` VALUES ('77129817-9cc2-45a3-8269-0acf8e9797bb', 'activity', 'c7ad15ae-8a35-41b8-8a3c-2d4feeb88096', '活动', 'Activity', 'イベントです', '活動', 'bf75a509-f90e-4a29-8bf7-470b581550f6', 1, '2023-09-18 10:10:10', '2023-09-18 10:10:10');
INSERT INTO `xmw_international` VALUES ('776b87dc-9f58-48a0-8cae-19e9b46b64e3', 'project-recommend', '7b12ebc6-e48a-4a0c-be28-acd440a6dde4', '项目推荐', 'Project recommendation', 'プロジェクトの推薦です', '項目推薦', 'bf75a509-f90e-4a29-8bf7-470b581550f6', 1, '2023-10-26 15:55:34', '2023-10-26 15:55:34');
INSERT INTO `xmw_international` VALUES ('7868fd04-78bc-4b5c-8254-f7f9b085915b', 'general', '5964805c-222d-4412-8abc-c8ce93e7e97c', '一般', 'General', '一般', '一般', 'bf75a509-f90e-4a29-8bf7-470b581550f6', 1, '2023-01-12 18:12:09', '2023-01-12 18:12:09');
INSERT INTO `xmw_international` VALUES ('7addc4ef-6734-4677-b303-c752912caac2', 'tags', '5ea52517-8c5e-419d-b59b-a923eb68f50e', '人物标签', 'Figure Labels', '人物タグ', '人物標簽', 'bf75a509-f90e-4a29-8bf7-470b581550f6', 1, '2022-10-09 10:41:19', '2022-11-30 10:54:08');
INSERT INTO `xmw_international` VALUES ('7b12ebc6-e48a-4a0c-be28-acd440a6dde4', 'personal-information', '218b6d3c-38df-4b88-b8dc-d544454297a1', '个人信息', 'Personal information', '個人情報です', '個人信息', 'bf75a509-f90e-4a29-8bf7-470b581550f6', 1, '2023-10-26 15:50:45', '2023-10-26 15:50:45');
INSERT INTO `xmw_international` VALUES ('7dcad954-f775-4b52-abd7-23bd840139bb', 'icon', '1d9ddc96-9292-4f08-a359-0c1384ff5802', '图标', 'Icon', 'アイコン', '圖標', 'bf75a509-f90e-4a29-8bf7-470b581550f6', 1, '2022-09-27 14:47:39', '2022-11-30 10:54:08');
INSERT INTO `xmw_international` VALUES ('7e0760bf-e3a8-4514-897c-39b1b59780b6', 'certified', '0a8078ee-a632-4dd8-a943-624541391743', '已认证', 'Certified', '認証済みです', '已認證', 'bf75a509-f90e-4a29-8bf7-470b581550f6', 1, '2023-03-20 17:19:05', '2023-03-20 17:19:05');
INSERT INTO `xmw_international` VALUES ('7e1ea2fa-cc6b-4b7e-b7ff-c18b9832122a', 'dark', 'ccc0571a-c91b-42e3-aefd-86ac6973c9d9', '暗黑风格', 'Dark', 'ダークスタイルです', '暗黑風格', 'bf75a509-f90e-4a29-8bf7-470b581550f6', 1, '2023-09-26 09:01:43', '2023-09-26 09:01:43');
INSERT INTO `xmw_international` VALUES ('7e91f7b1-9fa4-4192-8828-6d3a657eba34', 'mix', '8eec5109-65ca-45ca-a247-3ff9a61667d0', '混合菜单', 'Mix', 'ミックスメニュー', '混合菜單', 'bf75a509-f90e-4a29-8bf7-470b581550f6', 1, '2023-09-25 17:51:24', '2023-09-25 17:51:24');
INSERT INTO `xmw_international` VALUES ('804f0013-7f7d-4d60-9d93-e192f8e40230', 'very-weak', '5964805c-222d-4412-8abc-c8ce93e7e97c', '非常弱', 'Very Weak', 'とても弱いです', '非常弱', 'bf75a509-f90e-4a29-8bf7-470b581550f6', 1, '2023-01-12 18:11:02', '2023-01-12 18:11:02');
INSERT INTO `xmw_international` VALUES ('80bc7545-1e34-4a39-a37a-b07ca74943b5', 'add-child', '32b547e4-e6a1-49bb-b801-cd377185ab43', '添加子级', 'Add  Child', 'サブレベルを追加する', '添加子級', 'bf75a509-f90e-4a29-8bf7-470b581550f6', 1, '2022-09-18 13:48:51', '2022-11-30 10:54:08');
INSERT INTO `xmw_international` VALUES ('81f110c8-c522-4f91-ad29-99d15d1a0d06', 'features', 'e8922ec5-d0d2-4911-a146-80c2efdd38b5', '功能页', 'Features', '機能ページです', '功能頁', 'bf75a509-f90e-4a29-8bf7-470b581550f6', 1, '2024-10-10 13:52:44', '2024-10-10 13:52:44');
INSERT INTO `xmw_international` VALUES ('825f6b36-1a0e-4270-a18a-b6e1133ee180', 'Logout', 'a6a9d897-a458-43a8-913e-45ee9f8c7971', '退出登录', 'Log out', 'ログアウトします', '退出登錄', 'bf75a509-f90e-4a29-8bf7-470b581550f6', 1, '2023-01-09 14:24:36', '2023-09-14 15:53:00');
INSERT INTO `xmw_international` VALUES ('8268f13f-53ac-457b-b9a6-695d65d366a9', 'validator', '264f7bf8-c189-445d-aa08-bf8f52e23b7c', '岗位名称的长度在2-36个字符', 'The job title should be 2 to 36 characters long', '部署名の長さは2 ~ 36文字', '崗位名稱的長度在2-36個字符', 'bf75a509-f90e-4a29-8bf7-470b581550f6', 1, '2022-11-08 11:20:37', '2022-11-30 10:54:08');
INSERT INTO `xmw_international` VALUES ('82b74acc-572c-4772-98e1-5427453bc88e', 'website-statistics', '84c0867d-120b-4dab-b164-5eeddc4709e0', '网站统计', 'website-statistics', 'ウェブサイト統計です', '網站統計', 'bf75a509-f90e-4a29-8bf7-470b581550f6', 1, '2024-07-15 10:05:21', '2024-07-15 10:05:21');
INSERT INTO `xmw_international` VALUES ('8396a118-ca44-403a-9b03-3d0f31e48eff', 'maxSize', '244e23fd-62e6-40ee-a425-0a75d347ebde', '图片大小限制在{size}MB以内!', 'Image size is limited to {size}MB!', '画像サイズは{size}MBに制限します!', '圖片大小限製在{size}MB以內!', 'bf75a509-f90e-4a29-8bf7-470b581550f6', 1, '2023-09-15 17:04:26', '2023-09-15 17:04:26');
INSERT INTO `xmw_international` VALUES ('83d21706-8614-42f8-a491-ef9ba04c3913', 'hideChildrenInMenu', '1d9ddc96-9292-4f08-a359-0c1384ff5802', '隐藏子路由', 'Hide subroutes', '子路を隠す', '隱藏子路由', 'bf75a509-f90e-4a29-8bf7-470b581550f6', 1, '2022-09-27 18:12:06', '2022-11-30 10:54:08');
INSERT INTO `xmw_international` VALUES ('83e02616-bb7a-4c02-97d4-bade828025f4', 'delete', 'c4d9c21d-f619-48eb-8ceb-537cb064247e', '删除', 'Delete', '削除', '刪除', 'bf75a509-f90e-4a29-8bf7-470b581550f6', 88, '2022-09-30 10:17:44', '2022-11-30 10:54:08');
INSERT INTO `xmw_international` VALUES ('84ae4f6f-77d4-4363-bc11-cecc766dc996', 'message', 'f5b542a1-a8a2-4900-9e98-0519e7654d9a', '请上传头像', 'Please upload photo', '画像のアップロードをお願いします', '請上傳頭像', 'bf75a509-f90e-4a29-8bf7-470b581550f6', 1, '2023-08-30 16:17:59', '2023-08-30 16:17:59');
INSERT INTO `xmw_international` VALUES ('84c0867d-120b-4dab-b164-5eeddc4709e0', 'ActionButtons', 'a6a9d897-a458-43a8-913e-45ee9f8c7971', NULL, NULL, NULL, NULL, 'bf75a509-f90e-4a29-8bf7-470b581550f6', 1, '2023-10-23 14:01:44', '2023-10-23 14:01:44');
INSERT INTO `xmw_international` VALUES ('84eb7070-d3d6-49b9-a510-017e1075665e', 'viewer', '81f110c8-c522-4f91-ad29-99d15d1a0d06', '图片预览', 'Picture preview', 'プレビュー画像です', '圖片預覽', 'bf75a509-f90e-4a29-8bf7-470b581550f6', 1, '2024-10-16 14:50:35', '2024-10-16 14:50:35');
INSERT INTO `xmw_international` VALUES ('85501869-1929-406b-9084-e9cd709d21cc', 'add', 'c4d9c21d-f619-48eb-8ceb-537cb064247e', '新建', 'New', '新築', '新建', 'bf75a509-f90e-4a29-8bf7-470b581550f6', 99, '2022-09-30 10:16:21', '2022-11-30 10:54:08');
INSERT INTO `xmw_international` VALUES ('85b75ef0-19e8-45a5-9d0e-230abc433107', 'devDependencies', 'd3b5584a-6b4d-4eb8-a3ef-5090f5f3c4e9', '开发环境依赖', 'Development environment dependency', '開発環境依存症です', '開發環境依賴', 'bf75a509-f90e-4a29-8bf7-470b581550f6', 1, '2023-07-26 17:29:21', '2023-10-11 16:50:13');
INSERT INTO `xmw_international` VALUES ('85e561cb-a7e3-4dd0-bf52-3942ddbc4ef0', 'browser', 'bf2ca4d5-cde9-46d4-930e-12a5aa95a1b6', '浏览器', 'Browser', 'ブラウザです', '瀏覽器', 'bf75a509-f90e-4a29-8bf7-470b581550f6', 1, '2024-10-25 15:00:55', '2024-10-25 15:00:55');
INSERT INTO `xmw_international` VALUES ('85eb76fb-5f11-45cb-85b5-ef8afa2ccf15', 'add-child', '9d8cdcd5-2151-43fe-8230-3ae610a9b3e3', '添加子级', 'Add Child', 'サブレベルを追加する', '添加子级', 'bf75a509-f90e-4a29-8bf7-470b581550f6', 66, '2022-09-30 10:43:05', '2023-08-31 17:24:51');
INSERT INTO `xmw_international` VALUES ('869ca4b5-af55-4461-920c-56de1ea6ca20', 'lazyload', '0bbbd355-2f75-45f8-bebf-dc835630a11b', NULL, NULL, NULL, NULL, 'bf75a509-f90e-4a29-8bf7-470b581550f6', 1, '2024-10-17 09:29:07', '2024-10-17 09:29:07');
INSERT INTO `xmw_international` VALUES ('87050d72-b32a-414f-97c9-a139c8dd308d', 'placeholder', '33f25830-6bdb-4a22-839a-15562e446c3f', '请输入', 'Please enter ', '入力してください', '請輸入', 'bf75a509-f90e-4a29-8bf7-470b581550f6', 1, '2022-09-18 14:27:36', '2023-08-31 15:12:35');
INSERT INTO `xmw_international` VALUES ('878435c7-d6e6-4122-9d0a-58f29ad8c8dc', 'org_id', '5ea52517-8c5e-419d-b59b-a923eb68f50e', '所属组织', 'Organization', '所属する組織', '所屬組織', 'bf75a509-f90e-4a29-8bf7-470b581550f6', 1, '2022-10-08 16:22:42', '2022-11-30 10:54:08');
INSERT INTO `xmw_international` VALUES ('88658d49-0f7c-4fde-bcc9-9d6ca658365e', 'en-US', '5245540c-dfe2-4375-9964-96864b07b6e7', '英文', 'English', '英文', '英文', 'bf75a509-f90e-4a29-8bf7-470b581550f6', 1, '2022-09-18 14:07:00', '2022-11-30 10:54:08');
INSERT INTO `xmw_international` VALUES ('899c5dba-3b9e-410e-83ba-cd3207c3c9ca', 'status', '9d9e17ad-e767-4d9a-9102-1866c2590f74', '状态', 'Status', '状态', '狀態', 'bf75a509-f90e-4a29-8bf7-470b581550f6', 1, '2022-09-18 17:47:27', '2022-11-30 10:54:08');
INSERT INTO `xmw_international` VALUES ('8afbb635-4fda-402b-bf2e-bbe496e8c9cb', 'org_logo', '50d475a0-e2b8-4997-8426-a1e067b1db11', '组织 Logo', 'Organization Logo', '組織ロゴです', '組織 Logo', 'bf75a509-f90e-4a29-8bf7-470b581550f6', 1, '2023-08-30 13:36:54', '2023-08-30 13:36:54');
INSERT INTO `xmw_international` VALUES ('8b6a7e47-7752-40c2-b03a-9228defd30c3', 'secret', '69499142-5a66-4923-b1df-2397ad516149', '保密', 'Secret', '秘密', '保密', 'bf75a509-f90e-4a29-8bf7-470b581550f6', 1, '2022-11-25 10:53:22', '2023-09-26 09:26:43');
INSERT INTO `xmw_international` VALUES ('8c0e7328-1a00-4c0b-a0c1-631f08af832a', 'pie', 'acb2e8a1-da0e-4d83-9f88-ba2e5d7dc24c', '饼图', 'Pie Chart', '円グラフです', '餅圖', 'bf75a509-f90e-4a29-8bf7-470b581550f6', 1, '2024-10-23 14:14:40', '2024-10-23 14:14:40');
INSERT INTO `xmw_international` VALUES ('8c4eb1b4-7fe8-4eca-92e8-ea9030e59095', 'title', 'b411813b-aaaf-4bd8-958d-1682a1f87b68', '标题', 'Title', '見出しです', '標題', 'bf75a509-f90e-4a29-8bf7-470b581550f6', 1, '2023-08-28 16:53:42', '2023-08-28 16:53:42');
INSERT INTO `xmw_international` VALUES ('8c5b3043-89c4-4266-b262-9002ad757b4b', 'change-password', '641f3543-8091-4202-9978-2423a66cb6c9', '修改密码', 'Change Password', 'パスワードを変更します', '修改密碼', 'bf75a509-f90e-4a29-8bf7-470b581550f6', 1, '2023-01-12 16:33:51', '2023-01-12 16:33:51');
INSERT INTO `xmw_international` VALUES ('8c88ad4c-27cc-498a-b04b-c6805982d26a', 'avatar_url', '5ea52517-8c5e-419d-b59b-a923eb68f50e', '头像', 'Avatar', '顔', '頭像', 'bf75a509-f90e-4a29-8bf7-470b581550f6', 1, '2022-10-10 14:43:01', '2022-11-30 10:54:08');
INSERT INTO `xmw_international` VALUES ('8d6cccd5-92ee-4d80-8ff5-bd51b4980957', 'user', 'bf2ca4d5-cde9-46d4-930e-12a5aa95a1b6', '操作用户', 'Operation User', 'ユーザーを操作します', '操作用戶', 'bf75a509-f90e-4a29-8bf7-470b581550f6', 1, '2024-10-25 15:02:21', '2024-10-25 15:02:21');
INSERT INTO `xmw_international` VALUES ('8e99357f-c71f-47dc-a8d4-290fe40249b9', 'title', '1d9ddc96-9292-4f08-a359-0c1384ff5802', '菜单', 'Menu', 'メニュー', '菜單', 'bf75a509-f90e-4a29-8bf7-470b581550f6', 1, '2022-09-27 10:18:32', '2022-11-30 10:54:08');
INSERT INTO `xmw_international` VALUES ('8eec5109-65ca-45ca-a247-3ff9a61667d0', 'layout', '1d9ddc96-9292-4f08-a359-0c1384ff5802', '显示layout布局', 'Display Layout ', 'レイアウト表示', '顯示layout布局', 'bf75a509-f90e-4a29-8bf7-470b581550f6', 1, '2022-09-27 18:08:33', '2022-11-30 10:54:08');
INSERT INTO `xmw_international` VALUES ('8f96392e-461a-44e8-9a90-3d5c34d927dc', 'female', '69499142-5a66-4923-b1df-2397ad516149', '女', 'Female', '女', '女', 'bf75a509-f90e-4a29-8bf7-470b581550f6', 1, '2022-10-10 15:22:34', '2022-11-30 10:54:08');
INSERT INTO `xmw_international` VALUES ('8fa4e7ae-addb-4a29-a2f8-0e0a551a7581', 'password', '5ea52517-8c5e-419d-b59b-a923eb68f50e', '密码', 'Password', 'パスワード', '密碼', 'bf75a509-f90e-4a29-8bf7-470b581550f6', 1, '2022-10-08 18:15:24', '2022-11-30 10:54:08');
INSERT INTO `xmw_international` VALUES ('92b79458-f590-420b-8bef-be03e49e6208', 'title', '50d475a0-e2b8-4997-8426-a1e067b1db11', '组织', 'Organization', '組織', '組織', 'bf75a509-f90e-4a29-8bf7-470b581550f6', 1, '2022-09-18 17:58:37', '2022-11-30 10:54:08');
INSERT INTO `xmw_international` VALUES ('92e1670f-3d65-49a3-8b65-cffe529ad03e', 'edit', '9d8cdcd5-2151-43fe-8230-3ae610a9b3e3', '编辑', 'Edit', '編集', '編輯', 'bf75a509-f90e-4a29-8bf7-470b581550f6', 77, '2022-09-30 10:42:31', '2022-11-30 10:54:08');
INSERT INTO `xmw_international` VALUES ('93a0e62e-0451-4ef2-ac25-992d9c7234dc', 'button', 'f6136444-211c-4657-b241-b9074ea3a75c', '按钮', 'Button', 'ボタンです', '按鈕', 'bf75a509-f90e-4a29-8bf7-470b581550f6', 1, '2023-09-25 11:10:51', '2023-09-25 11:10:51');
INSERT INTO `xmw_international` VALUES ('954854fb-5d43-44e9-bb2b-1f21c955948b', 'tooltip', 'd5faf90d-a327-4f48-8143-a98e7de0783e', '不选默认为顶级', 'Do not select the default as top-level', 'デフォルトをトップに選ばない', '不選默認為頂級', 'bf75a509-f90e-4a29-8bf7-470b581550f6', 1, '2022-09-18 14:20:56', '2022-11-30 10:54:08');
INSERT INTO `xmw_international` VALUES ('9576f3c1-e5da-4d49-b796-5133185c5dbe', 'placeholder', '5967f54b-a258-4d88-a73b-5f142f16c306', '用户名:', 'User name:', 'ユーザー名:', '用戶名:', 'bf75a509-f90e-4a29-8bf7-470b581550f6', 1, '2022-09-17 11:55:50', '2022-11-30 10:54:08');
INSERT INTO `xmw_international` VALUES ('96138789-674c-4e00-9de4-6ebda0fab288', 'sort', '234ca5d3-d0e3-4525-9d39-e500745ba791', '排序', 'Sort', '序列', '排序', 'bf75a509-f90e-4a29-8bf7-470b581550f6', 1, '2022-09-27 16:12:45', '2022-11-30 10:54:08');
INSERT INTO `xmw_international` VALUES ('96330a0d-807e-479d-a12b-95b71874f104', 'footerRender', '1d9ddc96-9292-4f08-a359-0c1384ff5802', '显示页脚', 'According to the footer', 'ページフットを表示する', '顯示頁腳', 'bf75a509-f90e-4a29-8bf7-470b581550f6', 1, '2022-09-27 18:15:42', '2022-11-30 10:54:08');
INSERT INTO `xmw_international` VALUES ('9677a382-a3f0-4114-89f6-c6b3115fc769', 'support', '6e81dad5-cff0-40e3-a4b6-66a272ee702e', '你的浏览器不支持EyeDropper', 'Your browser does not support EyeDropper', 'ブラウザはEyeDropperをサポートしていません', '你的瀏覽器不支持EyeDroppe', 'bf75a509-f90e-4a29-8bf7-470b581550f6', 1, '2024-10-17 15:56:05', '2024-10-17 15:56:05');
INSERT INTO `xmw_international` VALUES ('970cfbf4-8a57-4163-9005-be5ca325911a', 'menu', 'f6136444-211c-4657-b241-b9074ea3a75c', '菜单', 'Menu', 'メニューです', '菜單', 'bf75a509-f90e-4a29-8bf7-470b581550f6', 1, '2023-09-25 11:10:25', '2023-09-25 11:10:25');
INSERT INTO `xmw_international` VALUES ('983b01f1-a8b0-4796-a16d-25a20135be70', 'card', 'ae377264-6ae7-4de0-9213-fbb3e9794171', '卡片特效', 'Card effect', 'カードエフェクト', '卡片特效', 'bf75a509-f90e-4a29-8bf7-470b581550f6', 1, '2024-10-21 10:02:32', '2024-10-21 10:02:32');
INSERT INTO `xmw_international` VALUES ('9d8634fa-55a3-4957-b706-c7c71a09023d', 'rules', 'ee435be2-a0a5-44a3-9a00-38708661b995', '手机号码格式不正确！', 'The format of mobile phone number is incorrect!', '携帯の番号のフォーマットが正しくありません!', '手機號碼格式不正確！', 'bf75a509-f90e-4a29-8bf7-470b581550f6', 1, '2022-10-11 17:48:57', '2022-11-30 10:54:08');
INSERT INTO `xmw_international` VALUES ('9d8cdcd5-2151-43fe-8230-3ae610a9b3e3', 'jobs-management', '0960fd86-7e79-496b-83aa-c4159e516d8c', '岗位管理', 'Jobs Management', '持ち場管理', '崗位管理', 'bf75a509-f90e-4a29-8bf7-470b581550f6', 8, '2022-09-23 14:39:17', '2022-11-30 10:54:08');
INSERT INTO `xmw_international` VALUES ('9d9e17ad-e767-4d9a-9102-1866c2590f74', 'global', NULL, NULL, NULL, NULL, NULL, 'bf75a509-f90e-4a29-8bf7-470b581550f6', 1, '2022-09-18 13:40:17', '2022-11-30 10:54:08');
INSERT INTO `xmw_international` VALUES ('9f7ff01b-3569-4fa9-bf73-42d6b5c0dee4', 'company', 'b786f8b1-4111-4fda-b16a-70bc010fe892', '公司', 'Company', '会社です', '公司', 'bf75a509-f90e-4a29-8bf7-470b581550f6', 1, '2023-09-19 14:07:22', '2023-09-19 14:07:22');
INSERT INTO `xmw_international` VALUES ('a051a371-c23c-4da5-83ac-dacf12660d48', 'github-issues', '84c0867d-120b-4dab-b164-5eeddc4709e0', 'Github Issues', 'Github Issues', 'Github Issuesです', 'Github Issues', 'bf75a509-f90e-4a29-8bf7-470b581550f6', 1, '2023-10-23 14:12:47', '2023-10-23 14:12:47');
INSERT INTO `xmw_international` VALUES ('a3a86371-722b-4005-afa3-725de69da94a', 'failure', 'b4886664-cdd0-4108-ac7f-e0758cb14db2', '验证码错误！', 'Verification code error!', 'captchaエラーです!', '驗證碼錯誤！', 'bf75a509-f90e-4a29-8bf7-470b581550f6', 1, '2022-12-13 15:12:10', '2022-12-13 15:12:10');
INSERT INTO `xmw_international` VALUES ('a3e5683c-c551-4f47-aa6e-15c64b69e01d', 'operation-log', '48ea12ef-201f-4738-8af8-066533179393', '操作日志', 'Operation Log', '操作ログ', '操作日誌', 'bf75a509-f90e-4a29-8bf7-470b581550f6', 1, '2022-09-17 11:51:13', '2022-11-30 10:54:08');
INSERT INTO `xmw_international` VALUES ('a3e60af3-0f9f-40ce-b7c2-3c3bf241e748', 'horizontal', 'd9443426-3cb3-4ab4-b579-3f60ac5768ab', '水平布局', 'Horizontal layout', '水平配置です', '水平布局', 'bf75a509-f90e-4a29-8bf7-470b581550f6', 1, '2024-10-18 14:49:50', '2024-10-18 14:49:50');
INSERT INTO `xmw_international` VALUES ('a4c171a6-ff73-4717-a7df-5c3c5742c294', 'cancel', '6e81dad5-cff0-40e3-a4b6-66a272ee702e', '用户取消取色！', 'User cancels fetching color!', 'ユーザーは色取りをキャンセルします!', '用戶取消取色！', 'bf75a509-f90e-4a29-8bf7-470b581550f6', 1, '2024-10-17 15:55:42', '2024-10-17 15:55:42');
INSERT INTO `xmw_international` VALUES ('a4eff2b1-633e-4619-a7e7-0549dc025935', 'bar', 'acb2e8a1-da0e-4d83-9f88-ba2e5d7dc24c', '柱状图', 'Bar Chart', '棒グラフです', '柱狀圖', 'bf75a509-f90e-4a29-8bf7-470b581550f6', 1, '2024-10-23 10:40:03', '2024-10-23 14:15:00');
INSERT INTO `xmw_international` VALUES ('a54c782b-b087-4aa1-a56e-7fc4aec746a9', 'edit', 'fdaf8a23-8777-46ff-9142-f30eb3e4d8ee', '编辑', 'Edit', '編集', '編輯', 'bf75a509-f90e-4a29-8bf7-470b581550f6', 1, '2022-09-30 10:43:56', '2022-11-30 10:54:08');
INSERT INTO `xmw_international` VALUES ('a599be84-8074-448e-8251-d5dfd4fee091', 'last-time', '0adff35e-9313-4119-a4f6-80dc8cda5558', '距离您上次登录已是', 'It has been since your last login', '前回ログインしてからですが', '距離您上次登錄已是', 'bf75a509-f90e-4a29-8bf7-470b581550f6', 1, '2022-12-13 14:49:33', '2022-12-13 14:49:33');
INSERT INTO `xmw_international` VALUES ('a5a8d5ec-4601-46dc-a89e-8304fe9850aa', 'pinned', 'b411813b-aaaf-4bd8-958d-1682a1f87b68', '是否置顶', 'Top or not', '屋根ですか', '是否置頂', 'bf75a509-f90e-4a29-8bf7-470b581550f6', 1, '2023-08-29 10:18:11', '2023-08-29 10:18:11');
INSERT INTO `xmw_international` VALUES ('a600858c-7ae7-4bda-bfa5-70a777d9669c', 'notification', 'c7ad15ae-8a35-41b8-8a3c-2d4feeb88096', '通知', 'Notification', 'お知らせします', '通知', 'bf75a509-f90e-4a29-8bf7-470b581550f6', 1, '2023-09-18 10:11:29', '2023-09-18 10:11:29');
INSERT INTO `xmw_international` VALUES ('a6a9d897-a458-43a8-913e-45ee9f8c7971', 'BasicLayout', '0c01ef7d-2f6f-440a-b642-62564d41f473', NULL, NULL, NULL, NULL, 'bf75a509-f90e-4a29-8bf7-470b581550f6', 1, '2023-09-14 15:47:50', '2023-09-14 15:47:50');
INSERT INTO `xmw_international` VALUES ('a6abdcb5-23d7-49de-a3b0-8b2a885c96f2', 'mobile', '5aaeba0a-4891-4bf5-9b09-cffbd8b36a86', '手机登录', 'Mobile Login', '携帯電話の登録', '手機登錄', 'bf75a509-f90e-4a29-8bf7-470b581550f6', 1, '2022-10-11 17:43:00', '2022-11-30 10:54:08');
INSERT INTO `xmw_international` VALUES ('a887b890-bf1c-46f5-90a3-6a30da04d515', 'captcha', '0bbbd355-2f75-45f8-bebf-dc835630a11b', '', NULL, NULL, NULL, 'bf75a509-f90e-4a29-8bf7-470b581550f6', 1, '2024-10-10 17:32:59', '2024-10-10 17:32:59');
INSERT INTO `xmw_international` VALUES ('a9f86639-4d27-46c3-8f6a-bfb59ed1a061', 'required', '5967f54b-a258-4d88-a73b-5f142f16c306', '用户名是必填项！', 'User name is required!', 'ユーザー名は必須!', '用戶名是必填項！', 'bf75a509-f90e-4a29-8bf7-470b581550f6', 1, '2022-09-17 11:56:45', '2022-11-30 10:54:09');
INSERT INTO `xmw_international` VALUES ('aa2710b2-9faf-4369-aee3-ca7700d84e99', 'administrative', 'fd9a9de8-6044-42fc-a128-eba14bea123d', NULL, NULL, NULL, NULL, 'bf75a509-f90e-4a29-8bf7-470b581550f6', 1, '2022-09-17 11:58:23', '2022-11-30 10:54:09');
INSERT INTO `xmw_international` VALUES ('aa8468ff-4388-45bf-90e8-eb8be94591d8', 'environmental-dependence', 'ceca59e9-005c-42da-83e3-415fac994fac', '环境依赖', 'Environmental dependence', '環境依存症です', '環境依賴', 'bf75a509-f90e-4a29-8bf7-470b581550f6', 1, '2023-08-08 09:30:38', '2023-08-08 09:30:38');
INSERT INTO `xmw_international` VALUES ('aa940619-140c-4236-94aa-48425b68813e', 'error', '8c5b3043-89c4-4266-b262-9002ad757b4b', '原密码错误!', 'The old password is wrong!', '元パスワードエラーです!', '原密碼錯誤!', 'bf75a509-f90e-4a29-8bf7-470b581550f6', 1, '2023-01-12 17:02:12', '2023-01-12 17:02:12');
INSERT INTO `xmw_international` VALUES ('acb2e8a1-da0e-4d83-9f88-ba2e5d7dc24c', 'charts', '0bbbd355-2f75-45f8-bebf-dc835630a11b', NULL, NULL, NULL, NULL, 'bf75a509-f90e-4a29-8bf7-470b581550f6', 1, '2024-10-23 10:38:38', '2024-10-23 10:38:38');
INSERT INTO `xmw_international` VALUES ('ad82889f-1546-4b50-ad97-e44ddeda2039', 'visual', 'ae377264-6ae7-4de0-9213-fbb3e9794171', '横向循环焦点图片展示', 'Horizontal loop focus picture display', '横回りのフォーカス画像です', '橫向循環焦點圖片展示', 'bf75a509-f90e-4a29-8bf7-470b581550f6', 1, '2024-10-21 10:04:03', '2024-10-21 10:04:03');
INSERT INTO `xmw_international` VALUES ('ad9f3a17-9903-4315-958f-92325151fa26', 'refresh', '84c0867d-120b-4dab-b164-5eeddc4709e0', '刷新页面', 'Refresh page', '刷新页面', '刷新頁面', 'bf75a509-f90e-4a29-8bf7-470b581550f6', 1, '2023-10-23 14:03:52', '2023-10-23 14:03:52');
INSERT INTO `xmw_international` VALUES ('adb1f6a2-c43c-4c56-88a8-eaa514dc7ea5', 'tooltip', '96138789-674c-4e00-9de4-6ebda0fab288', '排序越大，位置越靠前', 'The larger the order, the higher the position', '順位が大きいほど上位に位置する', '排序越大，位置越靠前', 'bf75a509-f90e-4a29-8bf7-470b581550f6', 1, '2022-09-27 16:14:13', '2022-11-30 10:54:09');
INSERT INTO `xmw_international` VALUES ('adf8c65a-240e-4255-9093-b82bead8bd3c', 'operation', '234ca5d3-d0e3-4525-9d39-e500745ba791', '操作', 'operation', '操作', '操作', 'bf75a509-f90e-4a29-8bf7-470b581550f6', 1, '2022-09-18 13:47:57', '2022-11-30 10:54:09');
INSERT INTO `xmw_international` VALUES ('ae377264-6ae7-4de0-9213-fbb3e9794171', 'swiper', '0bbbd355-2f75-45f8-bebf-dc835630a11b', NULL, NULL, NULL, NULL, 'bf75a509-f90e-4a29-8bf7-470b581550f6', 1, '2024-10-21 09:55:33', '2024-10-21 09:55:33');
INSERT INTO `xmw_international` VALUES ('afe8b7aa-7548-4ffd-8425-ec6570605393', 'rules', '8fa4e7ae-addb-4a29-a2f8-0e0a551a7581', '6-12位字符的密码', 'A password of 6 to 12 characters', '6桁から12桁のパスワードです', '6-12位字符的密碼', 'bf75a509-f90e-4a29-8bf7-470b581550f6', 1, '2023-01-12 17:08:00', '2023-01-12 17:08:00');
INSERT INTO `xmw_international` VALUES ('b293a203-ae6a-4233-ac5b-0db99cf55571', 'side', '8eec5109-65ca-45ca-a247-3ff9a61667d0', '侧边菜单', 'Side', 'サイドメニュー', '側邊菜單', 'bf75a509-f90e-4a29-8bf7-470b581550f6', 1, '2023-09-25 17:37:48', '2023-09-25 17:50:04');
INSERT INTO `xmw_international` VALUES ('b2f74e2d-ef99-4308-acbc-5d2683a0b31a', 'coverFlow', 'ae377264-6ae7-4de0-9213-fbb3e9794171', '3d流翻转', '3d stream flip', '3dストリームのロールオーバです', '3d流翻轉', 'bf75a509-f90e-4a29-8bf7-470b581550f6', 1, '2024-10-21 10:02:54', '2024-10-21 10:02:54');
INSERT INTO `xmw_international` VALUES ('b411813b-aaaf-4bd8-958d-1682a1f87b68', 'announcement', 'aa2710b2-9faf-4369-aee3-ca7700d84e99', '活动公告', 'Event announcement', 'イベント告知です', '活動公告', 'bf75a509-f90e-4a29-8bf7-470b581550f6', 1, '2023-08-28 16:51:50', '2023-08-28 16:51:50');
INSERT INTO `xmw_international` VALUES ('b42270a3-3236-4d04-b6e2-7938697f2ecd', 'pdf', '54ea89f0-1018-4c24-89fd-cedde641ce98', 'Pdf 文件', 'Pdf File', 'Pdfファイルです', 'Pdf 文件', 'bf75a509-f90e-4a29-8bf7-470b581550f6', 1, '2024-10-22 13:49:28', '2024-10-22 13:49:28');
INSERT INTO `xmw_international` VALUES ('b4886664-cdd0-4108-ac7f-e0758cb14db2', 'captcha', 'a6abdcb5-23d7-49de-a3b0-8b2a885c96f2', '验证码', 'Verification code', 'captcha', '驗證碼', 'bf75a509-f90e-4a29-8bf7-470b581550f6', 1, '2022-10-11 17:51:18', '2022-11-30 10:54:09');
INSERT INTO `xmw_international` VALUES ('b4d1ec51-957a-483a-92c2-2ddd09c4113d', 'announcement', 'c7ad15ae-8a35-41b8-8a3c-2d4feeb88096', '公告', 'Announcement', '公告します', '公告', 'bf75a509-f90e-4a29-8bf7-470b581550f6', 1, '2023-09-18 10:09:11', '2023-09-18 10:09:11');
INSERT INTO `xmw_international` VALUES ('b5428a9d-bf04-48db-bf28-6d61ebead9ac', 'subTitle', 'a887b890-bf1c-46f5-90a3-6a30da04d515', '验证码的主要用途是为了防止自动化程序（如机器人、爬虫等）恶意访问网站或应用程序，从而保护系统的安全性和数据的完整性，单纯前端的验证是不安全的，因为可以直接通过接口请求', 'The main purpose of captCHA is to prevent automated programs (such as robots, crawlers, etc.) from accessing websites or applications maliciously, so as to protect the security of the system and the i', 'captchaの主な用途は、自動化プログラム(ロボット、クローラなど)がウェブサイトやアプリケーションに悪意を持ってアクセスするのを防ぎ、システムの安全性とデータの完全性を保護するためです。フロントエンドの検証だけでは、インターフェイス上で直接要求できるので安全ではありません', '驗證碼的主要用途是為了防止自動化程序（如機器人、爬蟲等）惡意訪問網站或應用程序，從而保護系統的安全性和數據的完整性，單純前端的驗證是不安全的，因為可以直接通過接口請求', 'bf75a509-f90e-4a29-8bf7-470b581550f6', 1, '2024-10-10 17:33:53', '2024-10-10 17:33:53');
INSERT INTO `xmw_international` VALUES ('b6004950-2468-40ec-8f98-6e15ec15629e', 'backEnd', '0e4408f9-ac17-43de-a44a-309caed9d07b', '后端', 'BackEnd', '後端です', '後端', 'bf75a509-f90e-4a29-8bf7-470b581550f6', 1, '2024-07-08 10:26:58', '2024-07-08 11:34:52');
INSERT INTO `xmw_international` VALUES ('b69a9e36-3cab-472b-a61c-3570ef8207c8', 'umi', '1c5face7-ec06-465f-b67e-bf2c8183cc0a', 'Umi文档（外链）', 'Umi Documentation (external link)', 'Umiドキュメント(アウトライン)です', 'Umi文檔（外鏈）', 'bf75a509-f90e-4a29-8bf7-470b581550f6', 4, '2023-08-11 17:20:06', '2023-08-11 17:53:33');
INSERT INTO `xmw_international` VALUES ('b786f8b1-4111-4fda-b16a-70bc010fe892', 'org_type', '50d475a0-e2b8-4997-8426-a1e067b1db11', '组织类型', 'Organization types', '組織のタイプ', '組織類型', 'bf75a509-f90e-4a29-8bf7-470b581550f6', 1, '2022-09-18 17:46:21', '2022-11-30 10:54:09');
INSERT INTO `xmw_international` VALUES ('b7c06dcb-c744-4053-9d30-ae0461c6ed1e', 'confirm', 'cb2edc15-2e6d-4de6-ab92-14cfc727569e', '确认', 'Confirm', '确认', '確認', 'bf75a509-f90e-4a29-8bf7-470b581550f6', 1, '2023-01-09 14:21:18', '2023-01-09 14:21:18');
INSERT INTO `xmw_international` VALUES ('b8e33966-e98d-4bfe-be52-c226fa675787', 'accountLogin', '44fe6614-f996-4c29-b06b-b41ca15a67f2', NULL, NULL, NULL, NULL, 'bf75a509-f90e-4a29-8bf7-470b581550f6', 1, '2022-09-17 11:53:26', '2022-11-30 10:54:09');
INSERT INTO `xmw_international` VALUES ('b9367eb2-b6f6-482b-8196-d7f3a098bda0', 'area', 'acb2e8a1-da0e-4d83-9f88-ba2e5d7dc24c', '面积图', 'Area chart', '面積グラフです', '面積圖', 'bf75a509-f90e-4a29-8bf7-470b581550f6', 1, '2024-10-23 10:39:36', '2024-10-23 14:15:25');
INSERT INTO `xmw_international` VALUES ('b9450f4f-339d-44bb-b2c5-5b0891eef189', 'top', '8eec5109-65ca-45ca-a247-3ff9a61667d0', '顶部菜单', 'Top', 'トップメニュー', '頂部菜單', 'bf75a509-f90e-4a29-8bf7-470b581550f6', 1, '2023-09-25 17:50:49', '2023-09-25 17:50:49');
INSERT INTO `xmw_international` VALUES ('b984ad8d-8b99-4936-b8a7-cbe327449bfd', 'puzzleCaptcha', 'a887b890-bf1c-46f5-90a3-6a30da04d515', '拼图验证码', 'Puzzle Captcha', 'パズルcaptchaです', '拼圖驗證碼', 'bf75a509-f90e-4a29-8bf7-470b581550f6', 1, '2024-10-14 18:11:18', '2024-10-14 18:11:18');
INSERT INTO `xmw_international` VALUES ('bbeca07e-bef0-41e4-8700-116099451757', 'role_name', 'bf652ff9-7210-4fda-9ece-4c7fa3e5ae87', '角色名称', 'Role Name', '役名', '角色名稱', 'bf75a509-f90e-4a29-8bf7-470b581550f6', 1, '2022-09-30 17:16:27', '2022-11-30 10:54:09');
INSERT INTO `xmw_international` VALUES ('bcbbef6e-3700-4b42-8c15-c0c70bb0fca2', 'delete', 'a3e5683c-c551-4f47-aa6e-15c64b69e01d', '删除', 'Delete', '削除', '刪除', 'bf75a509-f90e-4a29-8bf7-470b581550f6', 1, '2024-10-25 16:02:29', '2024-10-25 16:02:29');
INSERT INTO `xmw_international` VALUES ('bce03c1b-ba73-495e-90fe-84af1851761e', 'error', '0f5ebfbf-bd14-4b5c-9bf5-67929e36f653', '密码错误', 'Password Error', 'パスワードの誤りです', '密碼錯誤', 'bf75a509-f90e-4a29-8bf7-470b581550f6', 1, '2023-01-11 18:09:26', '2023-01-11 18:10:59');
INSERT INTO `xmw_international` VALUES ('bd9c55a6-1521-4b41-b188-74ec6c92fe87', 'graphicCaptcha', 'a887b890-bf1c-46f5-90a3-6a30da04d515', '图形验证码', 'GeneraVerify', 'グラフィックス認証コードです', '图形验证码', 'bf75a509-f90e-4a29-8bf7-470b581550f6', 1, '2024-10-10 17:43:29', '2024-10-11 09:02:55');
INSERT INTO `xmw_international` VALUES ('bdbfee3e-cf52-4162-b2e2-82e0bef2fe35', 'tip', '0c075bb7-805c-47aa-9eff-03a49267a00a', '已绑定手机', 'Bound mobile phone', '携帯電話に結合されています', '已綁定手機', 'bf75a509-f90e-4a29-8bf7-470b581550f6', 1, '2023-01-13 18:23:16', '2023-01-13 18:23:16');
INSERT INTO `xmw_international` VALUES ('bdcbe983-b255-4a6d-bf83-e5030a31a89f', 'org_name', '50d475a0-e2b8-4997-8426-a1e067b1db11', '组织名称', 'Organization name', '組織名', '組織名稱', 'bf75a509-f90e-4a29-8bf7-470b581550f6', 1, '2022-09-18 17:44:13', '2022-11-30 10:54:09');
INSERT INTO `xmw_international` VALUES ('be72ba21-a54c-4799-babc-cc25728275e4', 'email', '5ea52517-8c5e-419d-b59b-a923eb68f50e', '电子邮箱', 'Email', '電子メール', '電子郵箱', 'bf75a509-f90e-4a29-8bf7-470b581550f6', 1, '2022-10-08 16:09:09', '2022-11-30 10:54:09');
INSERT INTO `xmw_international` VALUES ('beee8f31-31b0-4c97-8e4e-75bb28a75f76', 'read_counts', 'b411813b-aaaf-4bd8-958d-1682a1f87b68', '已读次数', 'Read count', '既読回数です', '已讀次數', 'bf75a509-f90e-4a29-8bf7-470b581550f6', 1, '2023-10-07 17:48:02', '2023-10-07 17:48:02');
INSERT INTO `xmw_international` VALUES ('bf2ca4d5-cde9-46d4-930e-12a5aa95a1b6', 'operation-log', '251711b4-6fd3-4090-8a58-9cb67616e508', '操作日志', 'Operation Log', '操作ログ', '操作日誌', 'bf75a509-f90e-4a29-8bf7-470b581550f6', 1, '2022-09-17 11:59:58', '2022-11-30 10:54:09');
INSERT INTO `xmw_international` VALUES ('bf652ff9-7210-4fda-9ece-4c7fa3e5ae87', 'role-management', '251711b4-6fd3-4090-8a58-9cb67616e508', '角色管理', 'Role Management', '役割管理', '角色管理', 'bf75a509-f90e-4a29-8bf7-470b581550f6', 1, '2022-09-30 17:01:09', '2022-11-30 10:54:09');
INSERT INTO `xmw_international` VALUES ('c255fa67-1d1a-495e-8de0-a8ee4c686c6a', 'no', 'cf4506ae-fda5-495d-8fa7-e2b5cba992d5', '否', 'No', 'いいえ', '否', 'bf75a509-f90e-4a29-8bf7-470b581550f6', 1, '2023-09-12 15:31:09', '2023-09-12 15:31:09');
INSERT INTO `xmw_international` VALUES ('c297ab65-e191-41d9-8160-0750f849daca', 'LockSleep', 'a6a9d897-a458-43a8-913e-45ee9f8c7971', NULL, NULL, NULL, NULL, 'bf75a509-f90e-4a29-8bf7-470b581550f6', 1, '2023-01-09 14:12:56', '2023-09-14 15:59:00');
INSERT INTO `xmw_international` VALUES ('c3d87184-d03d-4b58-96f3-da73581adced', 'message', 'c7ad15ae-8a35-41b8-8a3c-2d4feeb88096', '消息', 'Message', 'メッセージです', '消息', 'bf75a509-f90e-4a29-8bf7-470b581550f6', 1, '2023-09-18 10:10:42', '2023-09-18 10:10:42');
INSERT INTO `xmw_international` VALUES ('c3d9ddc3-4a93-47bf-9977-d99797f8c214', 'motto', '5ea52517-8c5e-419d-b59b-a923eb68f50e', '座右铭', 'Motto', '座右の銘', '座右銘', 'bf75a509-f90e-4a29-8bf7-470b581550f6', 1, '2022-10-08 18:02:01', '2022-11-30 10:54:09');
INSERT INTO `xmw_international` VALUES ('c4084914-eece-4a6d-9617-4a9185f1eb1c', 'add', '51738317-f9fc-48e2-9ace-b418fdacf8e3', '新建', 'New', '新築', '新建', 'bf75a509-f90e-4a29-8bf7-470b581550f6', 1, '2022-09-30 17:08:20', '2022-11-30 10:54:09');
INSERT INTO `xmw_international` VALUES ('c42f1670-3fda-42d4-9269-3e670ee72d99', 'docx', '54ea89f0-1018-4c24-89fd-cedde641ce98', 'Docx 文件', 'Docx File', 'Docxファイルです', 'Docx 文件', 'bf75a509-f90e-4a29-8bf7-470b581550f6', 1, '2024-10-22 13:48:38', '2024-10-22 13:48:38');
INSERT INTO `xmw_international` VALUES ('c4ac7699-af09-499e-aeb9-6a866609f99f', 'ExitFullScreen', 'a6a9d897-a458-43a8-913e-45ee9f8c7971', '退出全屏', 'ExitFullScreen', '全画面から退出します', '退出全屏', 'bf75a509-f90e-4a29-8bf7-470b581550f6', 1, '2023-01-03 16:15:58', '2023-09-14 15:54:24');
INSERT INTO `xmw_international` VALUES ('c4d9c21d-f619-48eb-8ceb-537cb064247e', 'internationalization', '48ea12ef-201f-4738-8af8-066533179393', '国际化', 'Internationalization', '国際化', '國際化', 'bf75a509-f90e-4a29-8bf7-470b581550f6', 6, '2022-09-17 11:50:35', '2022-11-30 10:54:09');
INSERT INTO `xmw_international` VALUES ('c6271c0e-277f-4f81-b177-1c62ecc3d493', 'name', '1d9ddc96-9292-4f08-a359-0c1384ff5802', '菜单名称', 'Menu Name', 'メニュー名', '菜單名稱', 'bf75a509-f90e-4a29-8bf7-470b581550f6', 1, '2022-09-27 10:13:41', '2022-11-30 10:54:09');
INSERT INTO `xmw_international` VALUES ('c6841f37-4bcd-4c8a-83d1-4b8c592cb62c', 'refresh', '1d0c376a-0d14-4699-ae9f-712696e977b1', '重新加载', 'Refresh', '再ロードします', '重新加載', 'bf75a509-f90e-4a29-8bf7-470b581550f6', 1, '2022-09-21 14:54:15', '2023-10-24 13:56:18');
INSERT INTO `xmw_international` VALUES ('c7ad15ae-8a35-41b8-8a3c-2d4feeb88096', 'type', 'b411813b-aaaf-4bd8-958d-1682a1f87b68', '类型', 'Type', 'タイプです', '類型', 'bf75a509-f90e-4a29-8bf7-470b581550f6', 1, '2023-08-29 10:30:04', '2023-08-29 10:30:04');
INSERT INTO `xmw_international` VALUES ('c86bf0d8-cb03-4a73-9d1b-d98fc3431f7a', 'upload', '87050d72-b32a-414f-97c9-a139c8dd308d', '请上传', 'Please upload ', 'アップロードお願いします', '請上傳', 'bf75a509-f90e-4a29-8bf7-470b581550f6', 1, '2023-08-30 17:39:17', '2023-08-31 15:12:45');
INSERT INTO `xmw_international` VALUES ('c8842d92-5b9e-4dfd-a862-44687bb0caef', 'cube', 'ae377264-6ae7-4de0-9213-fbb3e9794171', '方块', 'Cube', 'キューブです', '方塊', 'bf75a509-f90e-4a29-8bf7-470b581550f6', 1, '2024-10-21 09:56:13', '2024-10-21 09:56:13');
INSERT INTO `xmw_international` VALUES ('c981b32d-1747-4a8b-9747-a604c52bd22b', 'age', '5ea52517-8c5e-419d-b59b-a923eb68f50e', '年龄', 'Age', '年齢', '年齡', 'bf75a509-f90e-4a29-8bf7-470b581550f6', 1, '2022-10-08 17:31:56', '2022-11-30 10:54:09');
INSERT INTO `xmw_international` VALUES ('ca93484f-9ac8-4b84-8d50-7821154cf3ea', 'jobs_id', '5ea52517-8c5e-419d-b59b-a923eb68f50e', '所属岗位', 'Their jobs', '所属部署', '所屬崗位', 'bf75a509-f90e-4a29-8bf7-470b581550f6', 1, '2022-10-08 14:34:49', '2022-11-30 10:54:09');
INSERT INTO `xmw_international` VALUES ('cb2edc15-2e6d-4de6-ab92-14cfc727569e', 'button', '9d9e17ad-e767-4d9a-9102-1866c2590f74', NULL, NULL, NULL, NULL, 'bf75a509-f90e-4a29-8bf7-470b581550f6', 1, '2023-01-09 14:20:20', '2023-01-09 14:20:20');
INSERT INTO `xmw_international` VALUES ('ccc0571a-c91b-42e3-aefd-86ac6973c9d9', 'navTheme', '1d9ddc96-9292-4f08-a359-0c1384ff5802', '菜单主题', 'Menu Theme', 'メニューテーマ', '菜單主題', 'bf75a509-f90e-4a29-8bf7-470b581550f6', 1, '2022-09-27 18:31:18', '2022-11-30 10:54:09');
INSERT INTO `xmw_international` VALUES ('cd9dfbe3-b910-44be-a5d9-3ad008e61513', 'zh-TW', '5245540c-dfe2-4375-9964-96864b07b6e7', '繁体中文', 'Traditional Chinese', '繁体中国語', '繁體中文', 'bf75a509-f90e-4a29-8bf7-470b581550f6', 1, '2022-09-18 14:08:30', '2022-11-30 10:54:09');
INSERT INTO `xmw_international` VALUES ('ce0e312b-a26a-49fe-b334-ceff8628f88e', 'basic-info', '1d9ddc96-9292-4f08-a359-0c1384ff5802', '基本信息', 'Basic Information', '基本情報です', '基本信息', 'bf75a509-f90e-4a29-8bf7-470b581550f6', 1, '2023-09-13 10:21:08', '2023-09-13 10:21:08');
INSERT INTO `xmw_international` VALUES ('ceca59e9-005c-42da-83e3-415fac994fac', 'dashboard', 'e8922ec5-d0d2-4911-a146-80c2efdd38b5', '指示面板', 'Dashboard', '指示パネル', '指示面板', 'bf75a509-f90e-4a29-8bf7-470b581550f6', 10, '2022-09-17 10:12:45', '2022-11-30 10:54:09');
INSERT INTO `xmw_international` VALUES ('cf1e2401-7736-493e-9a6a-1b531740add5', 'password', 'c297ab65-e191-41d9-8160-0750f849daca', '密码', 'Password', 'パスワード', '密碼', 'bf75a509-f90e-4a29-8bf7-470b581550f6', 1, '2023-01-09 14:14:04', '2023-01-09 14:14:04');
INSERT INTO `xmw_international` VALUES ('cf4506ae-fda5-495d-8fa7-e2b5cba992d5', 'flag', '9d9e17ad-e767-4d9a-9102-1866c2590f74', NULL, NULL, NULL, NULL, 'bf75a509-f90e-4a29-8bf7-470b581550f6', 1, '2023-09-12 15:30:01', '2023-09-12 15:30:01');
INSERT INTO `xmw_international` VALUES ('d293b63b-ea08-42fa-afaa-056d0fcacec6', 'ja-JP', '5245540c-dfe2-4375-9964-96864b07b6e7', '日文', 'Japanese', '日本语', '日文', 'bf75a509-f90e-4a29-8bf7-470b581550f6', 1, '2022-09-18 14:07:39', '2022-11-30 10:54:09');
INSERT INTO `xmw_international` VALUES ('d3057a13-f4a2-4fbe-b17b-ace0fb86e44e', 'org_name', '2c90eea9-f0c8-48bb-a331-a9526c59f6a6', '所属组织', 'organisation', '所属する組織', '所屬組織', 'bf75a509-f90e-4a29-8bf7-470b581550f6', 1, '2022-09-23 14:44:08', '2022-11-30 10:54:09');
INSERT INTO `xmw_international` VALUES ('d3b5584a-6b4d-4eb8-a3ef-5090f5f3c4e9', 'environmental-dependence', 'ed2bf05a-70a1-419a-adf3-b747d449f75a', '环境依赖', 'Environmental dependence', '環境依存症です', '環境依賴', 'bf75a509-f90e-4a29-8bf7-470b581550f6', 1, '2023-10-11 16:49:58', '2023-10-11 16:49:58');
INSERT INTO `xmw_international` VALUES ('d3e5c1ea-5e39-4b29-ae36-4c5732256630', 'dir', 'f6136444-211c-4657-b241-b9074ea3a75c', '目录', 'Directory', 'リスト', '目錄', 'bf75a509-f90e-4a29-8bf7-470b581550f6', 1, '2022-09-28 16:46:29', '2022-11-30 10:54:09');
INSERT INTO `xmw_international` VALUES ('d5ba43a1-db9f-4073-96c1-4bb575ac94e1', 'blog-log', '08f997a9-39cb-4d35-bb73-8556a911e12f', '博客日志', 'Blog log', 'ブログ日誌', '博客日誌', 'bf75a509-f90e-4a29-8bf7-470b581550f6', 1, '2023-10-11 10:08:25', '2023-10-11 10:08:25');
INSERT INTO `xmw_international` VALUES ('d5e3519c-03a6-4422-a7e4-339fe6929bff', 'dragCodeSuccess', 'a887b890-bf1c-46f5-90a3-6a30da04d515', '验证成功，耗时 {seconds} 秒！', 'The verification succeeds, taking {seconds} seconds!', '検証成功、{seconds}秒かかりました!', '驗證成功，耗時 {seconds} 秒！', 'bf75a509-f90e-4a29-8bf7-470b581550f6', 1, '2024-10-11 14:48:23', '2024-10-11 14:48:23');
INSERT INTO `xmw_international` VALUES ('d5faf90d-a327-4f48-8143-a98e7de0783e', 'parent_id', '33f25830-6bdb-4a22-839a-15562e446c3f', '父级', 'Parent', '父級', '父級', 'bf75a509-f90e-4a29-8bf7-470b581550f6', 1, '2022-09-18 14:20:19', '2022-11-30 10:54:09');
INSERT INTO `xmw_international` VALUES ('d65aab45-14bd-4ca0-9227-4c3be34ee805', 'document', '84c0867d-120b-4dab-b164-5eeddc4709e0', '文档', 'Document', 'ドキュメント', '文檔', 'bf75a509-f90e-4a29-8bf7-470b581550f6', 1, '2023-10-23 14:14:34', '2023-10-23 14:14:34');
INSERT INTO `xmw_international` VALUES ('d9443426-3cb3-4ab4-b579-3f60ac5768ab', 'flow', '0bbbd355-2f75-45f8-bebf-dc835630a11b', NULL, NULL, NULL, NULL, 'bf75a509-f90e-4a29-8bf7-470b581550f6', 1, '2024-10-18 14:46:12', '2024-10-18 14:46:12');
INSERT INTO `xmw_international` VALUES ('da5a6bac-e8ba-4345-a604-0efcf5b50b2e', 'normal', '899c5dba-3b9e-410e-83ba-cd3207c3c9ca', '正常', 'Normal', '正常です', '正常', 'bf75a509-f90e-4a29-8bf7-470b581550f6', 1, '2022-09-18 17:48:20', '2023-09-18 10:59:07');
INSERT INTO `xmw_international` VALUES ('daa7e0f8-f7dc-4a14-beae-227108a57041', 'permission', '1d9ddc96-9292-4f08-a359-0c1384ff5802', '权限标识', 'Permission Identify', '権限表示', '權限標識', 'bf75a509-f90e-4a29-8bf7-470b581550f6', 1, '2022-09-27 16:05:15', '2022-11-30 10:54:09');
INSERT INTO `xmw_international` VALUES ('dc7e6d26-f9f3-4f37-9ad5-6ee60e1282d1', 'access', '1d9ddc96-9292-4f08-a359-0c1384ff5802', '菜单权限', 'Menu Permissions', 'メニュー けんげん 権限', '菜單權限', 'bf75a509-f90e-4a29-8bf7-470b581550f6', 1, '2022-12-08 15:27:18', '2022-12-08 15:27:18');
INSERT INTO `xmw_international` VALUES ('dd632aba-007c-4c2f-b320-c5c29913610b', 'placeholder', 'a887b890-bf1c-46f5-90a3-6a30da04d515', '请输入验证码', 'Please enter the verification code', 'captcha入力をお願いします', '請輸入驗證碼', 'bf75a509-f90e-4a29-8bf7-470b581550f6', 1, '2024-10-10 17:37:51', '2024-10-10 17:37:51');
INSERT INTO `xmw_international` VALUES ('dd82beac-786c-404a-bbf2-da8f2575091a', 'flip', 'ae377264-6ae7-4de0-9213-fbb3e9794171', '翻转', 'Flip', '反転します', '翻轉', 'bf75a509-f90e-4a29-8bf7-470b581550f6', 1, '2024-10-21 10:02:06', '2024-10-21 10:02:06');
INSERT INTO `xmw_international` VALUES ('debf69a6-fd6e-42e6-a29c-fc257574e05f', 'rules', '3f56a8e8-4bc1-4e88-9fdf-4466446be2d8', '两次密码输入不一致！', 'The two passwords are not the same!', 'パスワードの入力が2回一致しません!', '兩次密碼輸入不一致！', 'bf75a509-f90e-4a29-8bf7-470b581550f6', 1, '2022-10-08 18:28:38', '2022-11-30 10:54:09');
INSERT INTO `xmw_international` VALUES ('decdc51b-a98a-40c3-a530-3f15d250742c', 'submit', 'cb2edc15-2e6d-4de6-ab92-14cfc727569e', '提交', 'Submit', '提出', '提交', 'bf75a509-f90e-4a29-8bf7-470b581550f6', 1, '2023-01-12 16:46:25', '2023-01-12 16:46:25');
INSERT INTO `xmw_international` VALUES ('e059910f-1743-421d-9c9b-20061f9683ef', 'api_url', 'bf2ca4d5-cde9-46d4-930e-12a5aa95a1b6', '请求接口', 'Request interface', '要求インターフェースです', '請求接口', 'bf75a509-f90e-4a29-8bf7-470b581550f6', 1, '2023-03-20 15:47:38', '2023-03-20 15:47:38');
INSERT INTO `xmw_international` VALUES ('e11d0e19-da4e-453f-bb1b-8303f1874deb', 'edit', 'f1a1c4f7-9122-42a6-a5f2-84ce59f37807', '编辑', 'Edit', '編集', '編輯', 'bf75a509-f90e-4a29-8bf7-470b581550f6', 1, '2023-08-28 09:18:25', '2023-08-28 09:18:25');
INSERT INTO `xmw_international` VALUES ('e241e942-5aa1-41b4-b3e4-5031b1188736', 'title', 'c297ab65-e191-41d9-8160-0750f849daca', '长时间未操作,屏幕已锁定', 'If no operation is performed for a long time, the screen is locked', '長時間操作しておらず、画面がロックされています', '長時間未操作,屏幕已鎖定', 'bf75a509-f90e-4a29-8bf7-470b581550f6', 1, '2023-01-09 14:19:12', '2023-01-09 14:19:12');
INSERT INTO `xmw_international` VALUES ('e2b4930b-9c4d-410a-a05c-1e7ddbe5d21a', 'user', 'fd9a9de8-6044-42fc-a128-eba14bea123d', NULL, NULL, NULL, NULL, 'bf75a509-f90e-4a29-8bf7-470b581550f6', 1, '2023-09-07 17:26:46', '2023-09-07 17:26:46');
INSERT INTO `xmw_international` VALUES ('e2f22965-763f-4bef-9fb1-3ed6fff5b436', 'flow', '81f110c8-c522-4f91-ad29-99d15d1a0d06', '流程图', 'Flow chart', 'フロー図です', '流程圖', 'bf75a509-f90e-4a29-8bf7-470b581550f6', 1, '2024-10-17 17:34:27', '2024-10-17 17:34:27');
INSERT INTO `xmw_international` VALUES ('e2f610ce-62aa-4272-b950-9ef32095bd5b', 'ip', 'bf2ca4d5-cde9-46d4-930e-12a5aa95a1b6', 'IP', 'IP', 'IP', 'IP', 'bf75a509-f90e-4a29-8bf7-470b581550f6', 1, '2023-03-20 15:45:47', '2023-03-20 15:45:47');
INSERT INTO `xmw_international` VALUES ('e5bbdadf-ead0-40c3-8043-50ba0461cf1c', 'tip', '4faea96a-a6ed-4509-90b4-f398e25f0ee0', '确认要退出系统？', 'Are you sure you want to exit the system?', 'システムをログアウトすることを かくにん 確認 しますか?', '確認要退出系統？', 'bf75a509-f90e-4a29-8bf7-470b581550f6', 1, '2022-12-09 18:12:36', '2022-12-09 18:12:36');
INSERT INTO `xmw_international` VALUES ('e6a37372-6d5c-4bca-a0bf-82f8e0706b10', 'disable', '899c5dba-3b9e-410e-83ba-cd3207c3c9ca', '禁用', 'Disable', '無効です', '禁用', 'bf75a509-f90e-4a29-8bf7-470b581550f6', 1, '2022-09-18 17:48:58', '2023-09-18 10:59:23');
INSERT INTO `xmw_international` VALUES ('e8855cce-a0ae-49e8-8e29-3ef874f587bd', 'params', 'bf2ca4d5-cde9-46d4-930e-12a5aa95a1b6', '请求参数', 'Request params', 'パラメータを要求します', '請求參數', 'bf75a509-f90e-4a29-8bf7-470b581550f6', 1, '2023-03-20 15:49:26', '2023-03-20 15:49:26');
INSERT INTO `xmw_international` VALUES ('e8922ec5-d0d2-4911-a146-80c2efdd38b5', 'menu', NULL, NULL, NULL, NULL, NULL, 'bf75a509-f90e-4a29-8bf7-470b581550f6', 1, '2022-09-17 10:11:59', '2022-11-30 10:54:09');
INSERT INTO `xmw_international` VALUES ('e8a59f6d-74e5-4b9d-a6ce-4c418c605bc9', 'set-password', '5769baab-d018-4c98-8d60-05a98f46fb15', '设置密码', 'Set Password', 'パスワードを設定する', '設置密碼', 'bf75a509-f90e-4a29-8bf7-470b581550f6', 1, '2022-10-08 18:19:03', '2022-11-30 10:54:09');
INSERT INTO `xmw_international` VALUES ('e8bd2b00-56c9-4221-8d34-c69c40ff282e', 'content', '22b09a10-3417-4d53-9aed-b0f43927bb41', '删除后无法恢复，请谨慎操作', 'The deletion cannot be restored. Exercise caution when performing this operation', '削除しても元に戻りませんので、ご注意ください', '刪除後無法恢復，請謹慎操作', 'bf75a509-f90e-4a29-8bf7-470b581550f6', 1, '2022-09-18 13:43:57', '2022-11-30 10:54:09');
INSERT INTO `xmw_international` VALUES ('e8ca6a7d-cbcd-4278-bb60-ebb14d9ec1e4', 'popconfirm', '9d9e17ad-e767-4d9a-9102-1866c2590f74', '', NULL, NULL, NULL, 'bf75a509-f90e-4a29-8bf7-470b581550f6', 1, '2023-09-12 17:27:10', '2023-09-12 17:27:10');
INSERT INTO `xmw_international` VALUES ('e8ca71aa-4c2b-42c2-ac80-63677e1d80d7', 'security-setting', '641f3543-8091-4202-9978-2423a66cb6c9', '安全设置', 'Security Setting', '安全設定です', '安全設置', 'bf75a509-f90e-4a29-8bf7-470b581550f6', 1, '2023-01-13 17:33:25', '2023-01-13 17:33:25');
INSERT INTO `xmw_international` VALUES ('eb2596dd-d547-4fd8-bf62-958545b87dcf', 'address', '5ea52517-8c5e-419d-b59b-a923eb68f50e', '详细地址', 'Detailed Address', '詳しい住所', '詳細地址', 'bf75a509-f90e-4a29-8bf7-470b581550f6', 1, '2022-10-08 17:53:52', '2022-11-30 10:54:09');
INSERT INTO `xmw_international` VALUES ('eb4679cb-8761-42bd-94ed-c49717ad87fc', 'male', '69499142-5a66-4923-b1df-2397ad516149', '男', 'Male', '男', '男', 'bf75a509-f90e-4a29-8bf7-470b581550f6', 1, '2022-10-10 15:21:25', '2022-11-30 10:54:09');
INSERT INTO `xmw_international` VALUES ('ecb0971d-6ee4-4adc-8531-f479df0ccf13', 'rules', '6ce14350-b984-4405-ab87-ec0826948203', '用户名由4到16位（字母，数字，下划线，减号）组成', 'The user name contains 4 to 16 characters (letters, digits, underscores, and hyphens)', 'ユーザー名は4 ~ 16桁(アルファベット、数字、アンダーライン、マイナス)からなる', '用戶名由4到16位（字母，數字，下劃線，減號）組成', 'bf75a509-f90e-4a29-8bf7-470b581550f6', 1, '2022-10-10 14:29:24', '2022-11-30 10:54:09');
INSERT INTO `xmw_international` VALUES ('ed2bf05a-70a1-419a-adf3-b747d449f75a', 'dashboard', 'fd9a9de8-6044-42fc-a128-eba14bea123d', NULL, NULL, NULL, NULL, 'bf75a509-f90e-4a29-8bf7-470b581550f6', 1, '2022-09-17 11:57:56', '2022-11-30 10:54:09');
INSERT INTO `xmw_international` VALUES ('ee435be2-a0a5-44a3-9a00-38708661b995', 'phone', 'a6abdcb5-23d7-49de-a3b0-8b2a885c96f2', '手机号', 'Mobile phone no', '携帯電話番号', '手機號', 'bf75a509-f90e-4a29-8bf7-470b581550f6', 1, '2022-10-11 17:44:58', '2022-11-30 10:54:09');
INSERT INTO `xmw_international` VALUES ('f1a1c4f7-9122-42a6-a5f2-84ce59f37807', 'announcement', '0960fd86-7e79-496b-83aa-c4159e516d8c', '活动公告', 'Event announcement', 'イベント告知です', '活動公告', 'bf75a509-f90e-4a29-8bf7-470b581550f6', 88, '2023-08-28 09:16:38', '2023-08-28 09:16:38');
INSERT INTO `xmw_international` VALUES ('f2652f3b-b5bf-4397-b7aa-e15761b72b04', 'edit', '505ca506-6cdc-4c88-b24b-479d6456bbde', '编辑', 'Edit', '編集', '編輯', 'bf75a509-f90e-4a29-8bf7-470b581550f6', 1, '2022-10-08 14:04:19', '2022-11-30 10:54:09');
INSERT INTO `xmw_international` VALUES ('f49d670d-e00c-409c-bdf7-0088a367bb39', 'edit', '51738317-f9fc-48e2-9ace-b418fdacf8e3', '编辑', 'Edit', '編集', '編輯', 'bf75a509-f90e-4a29-8bf7-470b581550f6', 1, '2022-09-30 17:07:25', '2022-11-30 10:54:09');
INSERT INTO `xmw_international` VALUES ('f57f3b34-55f7-4aeb-9491-1dfc24a1327d', 'strong', '5964805c-222d-4412-8abc-c8ce93e7e97c', '强', 'Strong', 'ベスト', '強', 'bf75a509-f90e-4a29-8bf7-470b581550f6', 1, '2023-01-12 18:12:48', '2023-01-12 18:12:48');
INSERT INTO `xmw_international` VALUES ('f5b542a1-a8a2-4900-9e98-0519e7654d9a', 'set-avatar', '5769baab-d018-4c98-8d60-05a98f46fb15', '设置头像', 'Set Avatar', 'プロフィール画像を設定します', '設置頭像', 'bf75a509-f90e-4a29-8bf7-470b581550f6', 1, '2022-10-09 14:38:31', '2023-01-13 15:26:38');
INSERT INTO `xmw_international` VALUES ('f6136444-211c-4657-b241-b9074ea3a75c', 'menu_type', '1d9ddc96-9292-4f08-a359-0c1384ff5802', '菜单类型', 'Menu Type', 'メニュータイプ', '菜單類型', 'bf75a509-f90e-4a29-8bf7-470b581550f6', 1, '2022-09-27 11:02:24', '2022-11-30 10:54:09');
INSERT INTO `xmw_international` VALUES ('f6a62672-85eb-4030-a079-bea938629568', 'city', '5ea52517-8c5e-419d-b59b-a923eb68f50e', '所属城市', 'City', '所属する都市', '所屬城市', 'bf75a509-f90e-4a29-8bf7-470b581550f6', 1, '2022-10-08 17:41:21', '2022-11-30 10:54:09');
INSERT INTO `xmw_international` VALUES ('f6c12984-b6ce-42ae-8072-11f7235b8450', 'required', '5f4057a8-db52-42c4-a4ca-5ca7761169e8', '密码是必填项！', 'Password is required!', 'パスワードは必須!', '密碼是必填項！', 'bf75a509-f90e-4a29-8bf7-470b581550f6', 1, '2022-09-17 11:57:42', '2022-11-30 10:54:09');
INSERT INTO `xmw_international` VALUES ('f6c475f1-fb20-4be9-a54d-b865644b087d', 'close', '1d0c376a-0d14-4699-ae9f-712696e977b1', '至少要保留一个窗口', 'Keep at least one window', '少なくとも1つは窓口を確保する', '至少要保留一個窗口', 'bf75a509-f90e-4a29-8bf7-470b581550f6', 1, '2023-03-16 15:59:51', '2023-03-16 16:02:32');
INSERT INTO `xmw_international` VALUES ('f7ad2c94-4666-4e5d-ab3a-6c284595b077', 'route-config', '1d9ddc96-9292-4f08-a359-0c1384ff5802', '路由配置', 'Route Configuration', 'ルーティング配置です', '路由配置', 'bf75a509-f90e-4a29-8bf7-470b581550f6', 1, '2023-09-13 10:21:58', '2023-09-13 10:21:58');
INSERT INTO `xmw_international` VALUES ('f9429564-a80b-474f-b22a-7f6b6ad72704', 'subTitle', '1ffb365b-11ad-4019-acdc-5807ba758d46', '核心是使用色彩聚合算法提取图片主色调生成渐变背景', 'The core is to use the color aggregation algorithm to extract the main color of the image to generate the gradient background', '核心は、カラーアグリゲーションアルゴリズムを使って、画像のメインカラーを抽出し、グラデーション背景を生成することです', '核心是使用色彩聚合算法提取圖片主色調生成漸變背景', 'bf75a509-f90e-4a29-8bf7-470b581550f6', 1, '2024-10-17 13:47:17', '2024-10-17 13:47:17');
INSERT INTO `xmw_international` VALUES ('f9e5a8db-da13-435f-a0e8-2bf9da2695c9', 'delete', 'fdaf8a23-8777-46ff-9142-f30eb3e4d8ee', '删除', 'Delete', '削除', '刪除', 'bf75a509-f90e-4a29-8bf7-470b581550f6', 1, '2022-09-30 10:44:24', '2022-11-30 10:54:09');
INSERT INTO `xmw_international` VALUES ('fad1bb10-a5d5-4497-aad9-53a0672a405f', 'very-strong', '5964805c-222d-4412-8abc-c8ce93e7e97c', '非常强', 'Very Strong', 'とても強いです', '非常強', 'bf75a509-f90e-4a29-8bf7-470b581550f6', 1, '2023-01-12 18:13:30', '2023-01-12 18:13:30');
INSERT INTO `xmw_international` VALUES ('fadbab40-a196-4243-b761-e8d9e9512a5b', 'pointCaptcha', 'a887b890-bf1c-46f5-90a3-6a30da04d515', '点选验证码', 'Point Captcha', 'captchaをクリックします', '點選驗證碼', 'bf75a509-f90e-4a29-8bf7-470b581550f6', 1, '2024-10-14 10:38:08', '2024-10-14 10:38:08');
INSERT INTO `xmw_international` VALUES ('faeb561b-07ae-44a1-955f-437e72c2c65e', 'errorMessage', 'b8e33966-e98d-4bfe-be52-c226fa675787', '错误的用户名和密码(admin/ant.design)', 'Account Password Login', '誤ったidとパスワード(admin/ant.design)', '錯誤的用戶名和密碼(admin/ant.design)', 'bf75a509-f90e-4a29-8bf7-470b581550f6', 1, '2022-09-17 11:53:53', '2022-11-30 10:54:09');
INSERT INTO `xmw_international` VALUES ('fbe2e5d9-4707-4964-b6af-3521dbb586fb', 'headerRender', '1d9ddc96-9292-4f08-a359-0c1384ff5802', '显示顶栏', 'According to the top bar', 'トップバーを表示する', '顯示頂欄', 'bf75a509-f90e-4a29-8bf7-470b581550f6', 1, '2022-09-27 18:14:57', '2022-11-30 10:54:09');
INSERT INTO `xmw_international` VALUES ('fd9a9de8-6044-42fc-a128-eba14bea123d', 'pages', NULL, NULL, NULL, NULL, NULL, 'bf75a509-f90e-4a29-8bf7-470b581550f6', 1, '2022-09-17 11:52:43', '2022-11-30 10:54:09');
INSERT INTO `xmw_international` VALUES ('fdaf8a23-8777-46ff-9142-f30eb3e4d8ee', 'organization', '0960fd86-7e79-496b-83aa-c4159e516d8c', '组织管理', 'Organization Management', '組織マネジメント', '組織管理', 'bf75a509-f90e-4a29-8bf7-470b581550f6', 10, '2022-09-17 11:49:05', '2022-11-30 10:54:09');
INSERT INTO `xmw_international` VALUES ('fe2307ed-fbba-415a-832a-a62ac3d59ed1', 'en_name', '5ea52517-8c5e-419d-b59b-a923eb68f50e', '英文名', 'En Name', '英語名', '英文名', 'bf75a509-f90e-4a29-8bf7-470b581550f6', 1, '2022-10-08 14:15:09', '2022-11-30 10:54:09');
INSERT INTO `xmw_international` VALUES ('fef753d1-25cb-4f3a-ba19-f506497c7a82', 'flatMenu', '1d9ddc96-9292-4f08-a359-0c1384ff5802', '子项往上提', 'The subterms go up', '子項を上にあげる', '子項往上提', 'bf75a509-f90e-4a29-8bf7-470b581550f6', 1, '2022-09-27 18:18:42', '2022-11-30 10:54:09');
INSERT INTO `xmw_international` VALUES ('ff064818-b4c5-4b0b-9b4f-47c2e3fd33cb', 'tooltip', '70e7e9a0-159c-497d-8e68-a5308b84b675', '只在路劲为 URL 时生效', 'This parameter is valid only when the road jin is a URL', 'ロードパワーがURLの場合のみ有効', '只在路勁為 URL 時生效', 'bf75a509-f90e-4a29-8bf7-470b581550f6', 1, '2022-09-27 16:21:07', '2022-11-30 10:54:09');
INSERT INTO `xmw_international` VALUES ('ff46e1e2-0d73-4ae9-9827-0dc7ea89cf93', 'swiper', '81f110c8-c522-4f91-ad29-99d15d1a0d06', 'Swiper', 'Swiper', 'Swiper', 'Swiper', 'bf75a509-f90e-4a29-8bf7-470b581550f6', 1, '2024-10-21 09:21:42', '2024-10-21 09:21:42');

-- ----------------------------
-- Table structure for xmw_jobs
-- ----------------------------
DROP TABLE IF EXISTS `xmw_jobs`;
CREATE TABLE `xmw_jobs`  (
  `jobs_id` char(36) CHARACTER SET utf8mb4 COLLATE utf8mb4_0900_ai_ci NOT NULL COMMENT '岗位id',
  `jobs_name` varchar(20) CHARACTER SET utf8mb4 COLLATE utf8mb4_0900_ai_ci NOT NULL COMMENT '岗位名称',
  `org_id` char(36) CHARACTER SET utf8mb4 COLLATE utf8mb4_0900_ai_ci NOT NULL COMMENT '组织id',
  `parent_id` char(36) CHARACTER SET utf8mb4 COLLATE utf8mb4_bin NULL DEFAULT NULL COMMENT '父级id',
  `describe` varchar(200) CHARACTER SET utf8mb4 COLLATE utf8mb4_0900_ai_ci NOT NULL COMMENT '岗位描述',
  `sort` int NOT NULL COMMENT '排序',
  `leader` char(36) CHARACTER SET utf8mb4 COLLATE utf8mb4_bin NOT NULL COMMENT '岗位负责人',
  `founder` char(36) CHARACTER SET utf8mb4 COLLATE utf8mb4_bin NOT NULL COMMENT '创建人',
  `created_time` datetime NOT NULL,
  `updated_time` datetime NOT NULL,
  PRIMARY KEY (`jobs_id`) USING BTREE,
  INDEX `org_id`(`org_id` ASC) USING BTREE,
  CONSTRAINT `xmw_jobs_ibfk_1` FOREIGN KEY (`org_id`) REFERENCES `xmw_organization` (`org_id`) ON DELETE RESTRICT ON UPDATE CASCADE
) ENGINE = InnoDB CHARACTER SET = utf8mb4 COLLATE = utf8mb4_0900_ai_ci ROW_FORMAT = DYNAMIC;

-- ----------------------------
-- Records of xmw_jobs
-- ----------------------------
INSERT INTO `xmw_jobs` VALUES ('046aeaa4-f707-4981-8a30-6e4a8488eb52', '研发工程师', '79581210-60b7-4c66-b6ae-14b013c3661e', NULL, '研发工程师', 1, 'bf75a509-f90e-4a29-8bf7-470b581550f6', 'bf75a509-f90e-4a29-8bf7-470b581550f6', '2022-09-23 15:43:47', '2022-12-01 17:19:24');
INSERT INTO `xmw_jobs` VALUES ('1c5f752a-3482-4849-aff0-a6742c96bead', '运维工程师', '79a4a0d6-776a-4d82-a884-57c2b59e7e94', NULL, '运维工程师', 1, 'bf75a509-f90e-4a29-8bf7-470b581550f6', 'bf75a509-f90e-4a29-8bf7-470b581550f6', '2022-11-09 13:56:20', '2022-12-01 17:19:24');
INSERT INTO `xmw_jobs` VALUES ('236ac4ed-6b07-4172-bb05-9986cf976045', '中级设计师', 'bb074cdc-4aa2-42e4-a200-64bf83ed4ed5', 'ab7aabc3-7053-47bf-a6cf-75983c3b108b', '中级', 1, 'bf75a509-f90e-4a29-8bf7-470b581550f6', 'bf75a509-f90e-4a29-8bf7-470b581550f6', '2022-09-23 15:42:51', '2022-12-01 17:19:24');
INSERT INTO `xmw_jobs` VALUES ('4b90999b-2158-423a-8de5-1bf5b4e54ac7', '创始人', '79581210-60b7-4c66-b6ae-14b013c3661e', NULL, '阿里巴巴的创始人', 1, 'dac1e100-a6ad-48c4-9963-b3be37c6443c', 'bf75a509-f90e-4a29-8bf7-470b581550f6', '2023-09-12 13:59:59', '2023-09-12 15:01:12');
INSERT INTO `xmw_jobs` VALUES ('6c93e5f3-f4e9-43be-9b00-9ba69677a2c2', '前端开发', 'f107862c-30bf-45cb-9957-5b5429e0ff20', '046aeaa4-f707-4981-8a30-6e4a8488eb52', '前端开发', 2, 'bf75a509-f90e-4a29-8bf7-470b581550f6', 'bf75a509-f90e-4a29-8bf7-470b581550f6', '2022-09-23 15:44:02', '2022-12-01 17:19:24');
INSERT INTO `xmw_jobs` VALUES ('71c3f4a3-ceb1-4644-b2c1-d1f872259cc3', '初级设计师', 'f107862c-30bf-45cb-9957-5b5429e0ff20', 'ab7aabc3-7053-47bf-a6cf-75983c3b108b', '初级', 1, 'bf75a509-f90e-4a29-8bf7-470b581550f6', 'bf75a509-f90e-4a29-8bf7-470b581550f6', '2022-09-23 15:42:33', '2022-12-01 17:19:24');
INSERT INTO `xmw_jobs` VALUES ('947ecd59-230f-420e-a4f9-fc561b9a5fa4', '产品经理', '9e0d462d-5254-41ba-b8f3-982a7cf588f0', NULL, '负责提高产品的用户体验', 1, '0b0d4594-3ef6-4bc6-b5ce-b5fc81c27995', 'bf75a509-f90e-4a29-8bf7-470b581550f6', '2022-12-01 18:11:51', '2023-01-10 17:26:27');
INSERT INTO `xmw_jobs` VALUES ('ab7aabc3-7053-47bf-a6cf-75983c3b108b', 'UI 设计师', '79581210-60b7-4c66-b6ae-14b013c3661e', NULL, '“UI”的本义是用户界面，是英文User和interface的缩写。UI设计师简称UID（User Interface Designer），指从事对软件的人机交互、操作逻辑、界面美观的整体设计工作的人。', 1, 'bf75a509-f90e-4a29-8bf7-470b581550f6', 'bf75a509-f90e-4a29-8bf7-470b581550f6', '2022-09-23 15:42:06', '2022-12-01 17:19:24');
INSERT INTO `xmw_jobs` VALUES ('bf6f329f-e5f0-471d-abb9-7e8a019a78a1', '技术总监', '3238736e-6e53-48c1-b2dd-fb0684357266', NULL, '技术总监', 1, 'bf75a509-f90e-4a29-8bf7-470b581550f6', 'bf75a509-f90e-4a29-8bf7-470b581550f6', '2023-09-12 13:43:33', '2023-09-12 13:43:33');
INSERT INTO `xmw_jobs` VALUES ('bfc580bd-bd03-46e4-92e6-71c804a1a237', '高级设计师', '79581210-60b7-4c66-b6ae-14b013c3661e', 'ab7aabc3-7053-47bf-a6cf-75983c3b108b', '高级', 1, 'bf75a509-f90e-4a29-8bf7-470b581550f6', 'bf75a509-f90e-4a29-8bf7-470b581550f6', '2022-09-23 15:43:32', '2022-12-01 17:19:24');
INSERT INTO `xmw_jobs` VALUES ('c8d1ad72-aba5-48f8-bc8b-7a7ddf5fc2a8', '副总监', '416d7277-5d55-4778-a535-57a67b290c16', 'bf6f329f-e5f0-471d-abb9-7e8a019a78a1', '副总监', 1, 'bf75a509-f90e-4a29-8bf7-470b581550f6', 'bf75a509-f90e-4a29-8bf7-470b581550f6', '2023-09-12 13:44:08', '2023-09-12 13:44:08');
INSERT INTO `xmw_jobs` VALUES ('eab6c26a-4b2a-4aba-b95f-7f431600a03d', 'java 开发', 'f107862c-30bf-45cb-9957-5b5429e0ff20', '046aeaa4-f707-4981-8a30-6e4a8488eb52', 'java 开发', 1, 'bf75a509-f90e-4a29-8bf7-470b581550f6', 'bf75a509-f90e-4a29-8bf7-470b581550f6', '2022-09-23 15:44:14', '2022-12-01 17:19:24');

-- ----------------------------
-- Table structure for xmw_logs
-- ----------------------------
DROP TABLE IF EXISTS `xmw_logs`;
CREATE TABLE `xmw_logs`  (
  `log_id` char(36) CHARACTER SET utf8mb4 COLLATE utf8mb4_bin NOT NULL COMMENT '日志id',
  `user_id` char(36) CHARACTER SET utf8mb4 COLLATE utf8mb4_bin NOT NULL COMMENT '用户id',
  `ip` varchar(50) CHARACTER SET utf8mb4 COLLATE utf8mb4_0900_ai_ci NOT NULL COMMENT 'ip',
  `os` varchar(200) CHARACTER SET utf8mb4 COLLATE utf8mb4_0900_ai_ci NOT NULL COMMENT '操作系统',
  `params` json NOT NULL COMMENT '请求参数',
  `method` varchar(20) CHARACTER SET utf8mb4 COLLATE utf8mb4_0900_ai_ci NOT NULL COMMENT '请求方式',
  `api_url` varchar(100) CHARACTER SET utf8mb4 COLLATE utf8mb4_0900_ai_ci NOT NULL COMMENT '请求地址',
  `created_time` datetime NOT NULL,
  `updated_time` datetime NOT NULL,
  `browser` varchar(200) CHARACTER SET utf8mb4 COLLATE utf8mb4_0900_ai_ci NOT NULL COMMENT '浏览器',
  `province` varchar(100) CHARACTER SET utf8mb4 COLLATE utf8mb4_0900_ai_ci NULL DEFAULT NULL COMMENT '所在省份',
  `city` varchar(100) CHARACTER SET utf8mb4 COLLATE utf8mb4_0900_ai_ci NULL DEFAULT NULL COMMENT '所在城市',
  `adcode` varchar(100) CHARACTER SET utf8mb4 COLLATE utf8mb4_0900_ai_ci NULL DEFAULT NULL COMMENT '城市编码',
  PRIMARY KEY (`log_id`) USING BTREE,
  INDEX `user_id`(`user_id` ASC) USING BTREE,
  CONSTRAINT `xmw_logs_ibfk_1` FOREIGN KEY (`user_id`) REFERENCES `xmw_user` (`user_id`) ON DELETE RESTRICT ON UPDATE CASCADE
) ENGINE = InnoDB CHARACTER SET = utf8mb4 COLLATE = utf8mb4_0900_ai_ci ROW_FORMAT = DYNAMIC;

-- ----------------------------
-- Records of xmw_logs
-- ----------------------------
INSERT INTO `xmw_logs` VALUES ('41ee07fd-c79b-4554-b30f-fcebf5caefc9', 'bf75a509-f90e-4a29-8bf7-470b581550f6', '113.78.43.87', 'Windows 10', '{\"type\": \"account\", \"password\": \"IqDDrMKzGqHgIOW7ya8cMQ==\", \"user_name\": \"admin\", \"verifyCode\": \"7\"}', 'POST', '/auth/login', '2024-10-29 09:14:32', '2024-10-29 09:14:32', 'Chrome', '广东省', '东莞市', '441900');
INSERT INTO `xmw_logs` VALUES ('5cb66689-2808-41ee-b2c2-3cc849dfa15b', 'bf75a509-f90e-4a29-8bf7-470b581550f6', '14.154.234.29', 'Windows 10', '{\"type\": \"account\", \"password\": \"IqDDrMKzGqHgIOW7ya8cMQ==\", \"user_name\": \"admin\", \"verifyCode\": \"8\"}', 'POST', '/auth/login', '2024-10-28 19:04:15', '2024-10-28 19:04:15', 'Edge', '广东省', '深圳市', '440300');
INSERT INTO `xmw_logs` VALUES ('6160ad6d-bc77-418d-a210-52eaf1c7ae8f', 'bf75a509-f90e-4a29-8bf7-470b581550f6', '14.154.234.29', 'Windows 10', '{\"type\": \"account\", \"password\": \"IqDDrMKzGqHgIOW7ya8cMQ==\", \"user_name\": \"admin\", \"verifyCode\": \"8\"}', 'POST', '/auth/login', '2024-10-28 19:07:03', '2024-10-28 19:07:03', 'Edge', '广东省', '深圳市', '440300');
INSERT INTO `xmw_logs` VALUES ('72873219-5e5c-4941-9e99-86a5cfcfb7e0', 'bf75a509-f90e-4a29-8bf7-470b581550f6', '113.78.43.87', 'Windows 10', '{\"type\": \"account\", \"password\": \"IqDDrMKzGqHgIOW7ya8cMQ==\", \"user_name\": \"admin\", \"verifyCode\": \"8\"}', 'POST', '/auth/login', '2024-10-29 09:13:40', '2024-10-29 09:13:40', 'Chrome', '广东省', '东莞市', '441900');
INSERT INTO `xmw_logs` VALUES ('c3e64e8c-907a-42be-bd7a-ff6aa4eff7e3', 'bf75a509-f90e-4a29-8bf7-470b581550f6', '14.154.234.29', 'Windows 10', '{\"type\": \"account\", \"password\": \"IqDDrMKzGqHgIOW7ya8cMQ==\", \"user_name\": \"admin\", \"verifyCode\": \"7\"}', 'POST', '/auth/login', '2024-10-28 19:03:19', '2024-10-28 19:03:19', 'Edge', '广东省', '深圳市', '440300');
INSERT INTO `xmw_logs` VALUES ('ca7ff85b-5bba-4688-bc40-29457ec14a7d', 'bf75a509-f90e-4a29-8bf7-470b581550f6', '113.78.43.87', 'Windows 10', '{\"type\": \"account\", \"password\": \"IqDDrMKzGqHgIOW7ya8cMQ==\", \"user_name\": \"admin\", \"verifyCode\": \"12\"}', 'POST', '/auth/login', '2024-10-29 08:46:18', '2024-10-29 08:46:18', 'Chrome', '广东省', '东莞市', '441900');

-- ----------------------------
-- Table structure for xmw_menu
-- ----------------------------
DROP TABLE IF EXISTS `xmw_menu`;
CREATE TABLE `xmw_menu`  (
  `menu_id` char(36) CHARACTER SET utf8mb4 COLLATE utf8mb4_bin NOT NULL COMMENT '菜单id',
  `name` char(36) CHARACTER SET utf8mb4 COLLATE utf8mb4_bin NOT NULL COMMENT '国际化对应的name',
  `menu_type` enum('dir','menu','button') CHARACTER SET utf8mb4 COLLATE utf8mb4_0900_ai_ci NOT NULL COMMENT '菜单类型（dir:目录，menu:菜单,button:按钮）',
  `path` varchar(100) CHARACTER SET utf8mb4 COLLATE utf8mb4_0900_ai_ci NULL DEFAULT NULL COMMENT '路由url',
  `icon` varchar(50) CHARACTER SET utf8mb4 COLLATE utf8mb4_0900_ai_ci NULL DEFAULT NULL COMMENT '菜单图标',
  `component` varchar(200) CHARACTER SET utf8mb4 COLLATE utf8mb4_0900_ai_ci NULL DEFAULT NULL COMMENT '菜单对应的文件路径',
  `redirect` varchar(100) CHARACTER SET utf8mb4 COLLATE utf8mb4_0900_ai_ci NULL DEFAULT NULL COMMENT '路由重定向地址',
  `parent_id` char(36) CHARACTER SET utf8mb4 COLLATE utf8mb4_bin NULL DEFAULT NULL COMMENT '父级id',
  `target` enum('_blank','_self','_parent','_top') CHARACTER SET utf8mb4 COLLATE utf8mb4_0900_ai_ci NULL DEFAULT NULL COMMENT '当path是一个url，点击新窗口打开',
  `permission` varchar(100) CHARACTER SET utf8mb4 COLLATE utf8mb4_0900_ai_ci NULL DEFAULT NULL COMMENT '菜单标识(页面按钮权限控制)',
  `layout` enum('side','top','mix') CHARACTER SET utf8mb4 COLLATE utf8mb4_0900_ai_ci NULL DEFAULT NULL COMMENT '是否显示layout布局（side:侧边菜单，top:顶部菜单,mix:混合菜单）',
  `navTheme` enum('dark','light') CHARACTER SET utf8mb4 COLLATE utf8mb4_0900_ai_ci NULL DEFAULT NULL COMMENT '导航菜单的主题（dark:暗黑风格，light:亮色风格）',
  `headerTheme` enum('dark','light') CHARACTER SET utf8mb4 COLLATE utf8mb4_0900_ai_ci NULL DEFAULT NULL COMMENT '顶部导航的主题，mix 模式生效（dark:暗黑风格，light:亮色风格）',
  `hideChildrenInMenu` int NULL DEFAULT NULL COMMENT '是否隐藏子路由',
  `hideInMenu` int NULL DEFAULT NULL COMMENT '是否隐藏菜单，包括子路由',
  `hideInBreadcrumb` int NULL DEFAULT NULL COMMENT '是否在面包屑中隐藏',
  `headerRender` int NULL DEFAULT NULL COMMENT '是否显示顶栏',
  `footerRender` int NULL DEFAULT NULL COMMENT '是否显示页脚',
  `menuRender` int NULL DEFAULT NULL COMMENT '当前路由是否展示菜单',
  `menuHeaderRender` int NULL DEFAULT NULL COMMENT '当前路由是否展示菜单顶栏',
  `flatMenu` int NULL DEFAULT NULL COMMENT '子项往上提，只是不展示父菜单',
  `fixedHeader` int NULL DEFAULT NULL COMMENT '固定顶栏',
  `fixSiderbar` int NULL DEFAULT NULL COMMENT '固定菜单',
  `founder` char(36) CHARACTER SET utf8mb4 COLLATE utf8mb4_bin NOT NULL COMMENT '创建人',
  `sort` int NOT NULL COMMENT '排序',
  `status` int NOT NULL COMMENT '菜单状态（0:禁用，1：正常）',
  `created_time` datetime NOT NULL,
  `updated_time` datetime NOT NULL,
  PRIMARY KEY (`menu_id`) USING BTREE
) ENGINE = InnoDB CHARACTER SET = utf8mb4 COLLATE = utf8mb4_0900_ai_ci ROW_FORMAT = DYNAMIC;

-- ----------------------------
-- Records of xmw_menu
-- ----------------------------
INSERT INTO `xmw_menu` VALUES ('00d37222-d6b6-43ab-a459-b15610fdcbf3', '4e17740d-5947-47cf-971c-fcadecbec940', 'button', NULL, NULL, NULL, NULL, '562d45f9-e8ca-4ca4-8862-b9a44a3443cd', NULL, 'system:menu-management:edit', NULL, NULL, NULL, 0, 0, 0, 1, 1, 1, 1, 0, 1, 1, 'bf75a509-f90e-4a29-8bf7-470b581550f6', 1, 1, '2022-10-27 16:55:28', '2022-10-27 16:55:28');
INSERT INTO `xmw_menu` VALUES ('062fada5-41b0-4a90-8632-49ef932ed354', '85501869-1929-406b-9084-e9cd709d21cc', 'button', NULL, NULL, NULL, NULL, '1acff778-5508-4724-b3a6-44b26396fd9e', NULL, 'system:internationalization:add', NULL, NULL, NULL, 0, 0, 0, 1, 1, 1, 1, 0, 1, 1, 'bf75a509-f90e-4a29-8bf7-470b581550f6', 1, 1, '2022-10-27 16:58:29', '2022-10-27 16:58:29');
INSERT INTO `xmw_menu` VALUES ('0de24fb7-dc55-4d75-83f6-9b655734f1e0', '16f7c3ea-0d48-46e6-8845-54239d175625', 'menu', '/features/file-preview', 'ri:file-excel-2-line', './Features/FilePreview', NULL, '4f3bd03a-4896-465e-a2a2-ad060dbe8dde', '_blank', 'features:file-preview', 'side', 'light', 'light', 0, 0, 0, 1, 1, 1, 1, 0, 1, 1, 'bf75a509-f90e-4a29-8bf7-470b581550f6', 80, 1, '2024-10-21 14:47:20', '2024-10-21 17:09:54');
INSERT INTO `xmw_menu` VALUES ('12373f1b-ae2a-48e7-ac06-ad4f15bb4975', 'ceca59e9-005c-42da-83e3-415fac994fac', 'dir', '/dashboard', 'ri:apps-line', NULL, NULL, NULL, NULL, 'dashboard', NULL, NULL, NULL, NULL, NULL, NULL, 1, 1, 1, 1, NULL, NULL, NULL, 'bf75a509-f90e-4a29-8bf7-470b581550f6', 99, 1, '2022-10-27 15:42:56', '2024-07-04 11:38:38');
INSERT INTO `xmw_menu` VALUES ('1360556e-3106-48aa-a030-90edfd7073ea', '3b260bca-826a-4667-b1da-90bb185b8a61', 'button', NULL, NULL, NULL, NULL, 'dd8304e6-09e5-4fa8-8e56-bbefd4e69c0c', NULL, 'administrative:organization:add', NULL, NULL, NULL, 0, 0, 0, 1, 1, 1, 1, 0, 1, 1, 'bf75a509-f90e-4a29-8bf7-470b581550f6', 1, 1, '2022-10-27 16:37:44', '2022-10-27 16:37:44');
INSERT INTO `xmw_menu` VALUES ('17911862-bce9-4264-b541-7ee1d2c7ec13', '16ebb546-7843-465e-ab0f-214bf24d0f79', 'button', NULL, NULL, NULL, NULL, '7d221117-ec0b-407c-b0e3-af6372ac46cc', NULL, 'system:user-management:add', NULL, NULL, NULL, NULL, NULL, NULL, 1, 1, 1, 1, NULL, NULL, NULL, '0b0d4594-3ef6-4bc6-b5ce-b5fc81c27995', 1, 1, '2022-12-05 17:12:56', '2022-12-05 17:12:56');
INSERT INTO `xmw_menu` VALUES ('1acff778-5508-4724-b3a6-44b26396fd9e', 'c4d9c21d-f619-48eb-8ceb-537cb064247e', 'menu', '/system/internationalization', 'ri:global-line', './System/Internationalization', NULL, 'adbc5cd2-b238-45b5-91a5-48324e8ae96b', '_blank', 'system:internationalization', 'side', 'light', 'light', 0, 0, 0, 1, 1, 1, 1, 0, 1, 1, 'bf75a509-f90e-4a29-8bf7-470b581550f6', 44, 1, '2022-10-27 16:57:08', '2024-07-04 15:21:16');
INSERT INTO `xmw_menu` VALUES ('1cc8e15c-e60b-410c-bb0f-846c01611416', '4427af84-5f03-4fa3-8336-f3032b75e972', 'menu', '/features/colorthief', 'ri:palette-line', './Features/Colorthief', NULL, '4f3bd03a-4896-465e-a2a2-ad060dbe8dde', '_blank', 'features:colorthief', 'side', 'light', 'light', 0, 0, 0, 1, 1, 1, 1, 0, 1, 1, 'bf75a509-f90e-4a29-8bf7-470b581550f6', 84, 1, '2024-10-17 13:51:46', '2024-10-17 13:51:46');
INSERT INTO `xmw_menu` VALUES ('22b1d1f4-2543-4fa9-8d45-c04d9d239c04', 'f2652f3b-b5bf-4397-b7aa-e15761b72b04', 'button', NULL, NULL, NULL, NULL, '7d221117-ec0b-407c-b0e3-af6372ac46cc', NULL, 'system:user-management:edit', NULL, NULL, NULL, NULL, NULL, NULL, 1, 1, 1, 1, NULL, NULL, NULL, '0b0d4594-3ef6-4bc6-b5ce-b5fc81c27995', 1, 1, '2022-12-05 17:12:25', '2022-12-05 17:12:25');
INSERT INTO `xmw_menu` VALUES ('235a3648-bc49-4400-8403-f752a1bdcb02', '4e2cec00-0c78-4b4a-b9cb-038b25d038f9', 'menu', '/features/eye-dropper', 'ri:dropper-line', './Features/EyeDropper', NULL, '4f3bd03a-4896-465e-a2a2-ad060dbe8dde', '_blank', 'features:eye-dropper', 'side', 'light', 'light', 0, 0, 0, 1, 1, 1, 1, 0, 1, 1, 'bf75a509-f90e-4a29-8bf7-470b581550f6', 83, 1, '2024-10-17 15:49:16', '2024-10-17 15:49:16');
INSERT INTO `xmw_menu` VALUES ('24f41a30-3134-47f7-ad96-4f93cbd988a2', '84eb7070-d3d6-49b9-a510-017e1075665e', 'menu', '/features/viewer', 'ri:image-line', './Features/Viewer', NULL, '4f3bd03a-4896-465e-a2a2-ad060dbe8dde', '_blank', 'features:viewer', 'side', 'light', 'light', 0, 0, 0, 1, 1, 1, 1, 0, 1, 1, 'bf75a509-f90e-4a29-8bf7-470b581550f6', 86, 1, '2024-10-16 14:51:48', '2024-10-16 14:51:48');
INSERT INTO `xmw_menu` VALUES ('255bcf4c-cfbd-4253-9c2d-0b03805e3ff0', '22a98b3b-704e-4de2-8c90-34c2a1387f68', 'dir', '/personal-center', 'ri:shield-user-line', NULL, NULL, NULL, NULL, 'personal-center', NULL, NULL, NULL, NULL, NULL, NULL, 1, 1, 1, 1, NULL, NULL, NULL, 'bf75a509-f90e-4a29-8bf7-470b581550f6', 77, 1, '2023-01-12 15:28:35', '2024-07-04 13:51:04');
INSERT INTO `xmw_menu` VALUES ('2710e59a-0b37-4ea7-b6aa-73ffe2298391', '61a3ef50-2bd0-4093-bae1-e6bc494369e6', 'button', NULL, NULL, NULL, NULL, 'b5c00c90-c7dc-4c9a-aa10-85e8c1959f8a', NULL, 'administrative:announcement:delete', NULL, NULL, NULL, NULL, NULL, NULL, 1, 1, 1, 1, NULL, NULL, NULL, 'bf75a509-f90e-4a29-8bf7-470b581550f6', 1, 1, '2023-08-28 09:40:57', '2023-08-28 09:40:57');
INSERT INTO `xmw_menu` VALUES ('2e1d74aa-2356-4b26-8488-7c337ae306cc', '0ed7bafd-c469-4792-9698-05e03152ad9d', 'button', NULL, NULL, NULL, NULL, '6628e05a-876b-4fa1-80df-95f8becf5f7a', NULL, 'administrative:jobs-management:delete', NULL, NULL, NULL, 0, 0, 0, 1, 1, 1, 1, 0, 1, 1, 'bf75a509-f90e-4a29-8bf7-470b581550f6', 1, 1, '2022-10-27 16:50:34', '2022-10-27 16:50:34');
INSERT INTO `xmw_menu` VALUES ('3787908c-3fcc-415f-83a9-a9f3701269ef', '47eba309-b9b8-4943-9e6c-cf2296e41214', 'button', NULL, NULL, NULL, NULL, '6628e05a-876b-4fa1-80df-95f8becf5f7a', NULL, 'administrative:jobs-management:add', NULL, NULL, NULL, 0, 0, 0, 1, 1, 1, 1, 0, 1, 1, 'bf75a509-f90e-4a29-8bf7-470b581550f6', 1, 1, '2022-10-27 16:50:49', '2022-10-27 16:50:49');
INSERT INTO `xmw_menu` VALUES ('38788fd7-fcc2-4d0d-85ec-016bf5a90520', '80bc7545-1e34-4a39-a37a-b07ca74943b5', 'button', NULL, NULL, NULL, NULL, '562d45f9-e8ca-4ca4-8862-b9a44a3443cd', NULL, 'system:menu-management:add-child', NULL, NULL, NULL, 0, 0, 0, 1, 1, 1, 1, 0, 1, 1, 'bf75a509-f90e-4a29-8bf7-470b581550f6', 1, 1, '2022-10-27 16:54:58', '2022-10-27 16:54:58');
INSERT INTO `xmw_menu` VALUES ('40861c40-fa06-4675-bfc7-f9fd2f7d175f', '0960fd86-7e79-496b-83aa-c4159e516d8c', 'menu', '/administrative', NULL, NULL, '/administrative/organization', 'ce451a62-2ac4-44de-8202-cd8b0a702840', '_blank', NULL, 'side', 'light', 'light', 0, 0, 0, 1, 1, 1, 1, 0, 1, 1, 'bf75a509-f90e-4a29-8bf7-470b581550f6', 88, 1, '2022-10-27 16:31:29', '2022-10-27 16:31:40');
INSERT INTO `xmw_menu` VALUES ('4c499ae2-55a1-4aee-a8ff-dadb3e8e7f83', '43146455-b364-4767-85fb-ee6f529605e4', 'button', NULL, NULL, NULL, NULL, 'b1945758-403e-4d90-a096-312b2b424ff3', NULL, 'system:operation-log:batch-delete', NULL, NULL, NULL, NULL, NULL, NULL, 1, 1, 1, 1, NULL, NULL, NULL, 'bf75a509-f90e-4a29-8bf7-470b581550f6', 1, 1, '2024-10-28 16:50:15', '2024-10-28 16:56:30');
INSERT INTO `xmw_menu` VALUES ('4e70171f-a946-47e8-a471-d8cabd04c264', '51738317-f9fc-48e2-9ace-b418fdacf8e3', 'menu', '/system/role-management', 'ri:shield-user-line', './System/RoleManagement', NULL, 'adbc5cd2-b238-45b5-91a5-48324e8ae96b', '_blank', 'system:role-management', 'side', 'light', 'light', 0, 0, 0, 1, 1, 1, 1, 0, 1, 1, '0b0d4594-3ef6-4bc6-b5ce-b5fc81c27995', 55, 1, '2022-12-05 17:13:55', '2024-07-04 15:19:48');
INSERT INTO `xmw_menu` VALUES ('4f3bd03a-4896-465e-a2a2-ad060dbe8dde', '81f110c8-c522-4f91-ad29-99d15d1a0d06', 'dir', '/features', 'ri:flower-line', NULL, NULL, NULL, NULL, 'features', NULL, NULL, NULL, NULL, NULL, NULL, 1, 1, 1, 1, NULL, NULL, NULL, 'bf75a509-f90e-4a29-8bf7-470b581550f6', 76, 1, '2024-10-10 13:54:36', '2024-10-10 16:10:32');
INSERT INTO `xmw_menu` VALUES ('4fbe30c4-15f6-4153-836a-afaf585f53aa', '81f110c8-c522-4f91-ad29-99d15d1a0d06', 'menu', '/features', NULL, NULL, '/features/captcha', '4f3bd03a-4896-465e-a2a2-ad060dbe8dde', '_blank', NULL, 'side', 'light', 'light', 0, 0, 0, 1, 1, 1, 1, 0, 1, 1, 'bf75a509-f90e-4a29-8bf7-470b581550f6', 99, 1, '2024-10-10 13:58:13', '2024-10-10 13:58:13');
INSERT INTO `xmw_menu` VALUES ('51aed341-5686-4d5d-a7e5-5495348d9213', '49e7903b-0018-44f4-a93d-aced78460bc6', 'menu', '/technical-document/react', 'ri:reactjs-fill', './TechnicalDocument/React', NULL, '8a7a9690-2b7f-4fa1-9cc5-e8b8d41b86d3', '_blank', 'technical-document:react', 'side', 'light', 'light', 0, 0, 0, 1, 1, 1, 1, 0, 1, 1, 'bf75a509-f90e-4a29-8bf7-470b581550f6', 88, 1, '2023-08-11 16:31:08', '2024-07-04 14:19:01');
INSERT INTO `xmw_menu` VALUES ('526577a4-4944-4835-9245-ce218a2ef28d', '14713422-3379-4288-b6e1-eda4278398ce', 'menu', 'https://ant.design/', 'local:ant-design', '', NULL, '8a7a9690-2b7f-4fa1-9cc5-e8b8d41b86d3', '_blank', 'technical-document:ant-design', 'side', 'light', 'light', 0, 0, 0, 1, 1, 1, 1, 0, 1, 1, 'bf75a509-f90e-4a29-8bf7-470b581550f6', 66, 1, '2023-08-11 17:40:35', '2024-07-05 09:06:05');
INSERT INTO `xmw_menu` VALUES ('53c62f3b-612d-4bd3-be2e-29d6c5998b0f', 'ceca59e9-005c-42da-83e3-415fac994fac', 'menu', '/dashboard', NULL, NULL, '/dashboard/work-bench', '12373f1b-ae2a-48e7-ac06-ad4f15bb4975', '_blank', NULL, 'side', 'light', 'light', 0, 0, 1, 1, 1, 1, 1, 0, 1, 1, 'bf75a509-f90e-4a29-8bf7-470b581550f6', 99, 1, '2022-10-27 15:44:53', '2022-10-27 16:31:53');
INSERT INTO `xmw_menu` VALUES ('562d45f9-e8ca-4ca4-8862-b9a44a3443cd', '32b547e4-e6a1-49bb-b801-cd377185ab43', 'menu', '/system/menu-management', 'ri:menu-fill', './System/MenuManagement', NULL, 'adbc5cd2-b238-45b5-91a5-48324e8ae96b', '_blank', 'system:menu-management', 'side', 'light', 'light', 0, 0, 0, 1, 1, 1, 1, 0, 1, 1, 'bf75a509-f90e-4a29-8bf7-470b581550f6', 66, 1, '2022-10-27 16:54:33', '2024-07-04 15:18:33');
INSERT INTO `xmw_menu` VALUES ('59a27556-69e9-4ecf-879f-fdd943fd190c', '630b29a5-77d0-4c50-867c-226227ce6fd5', 'button', NULL, NULL, NULL, NULL, 'dd8304e6-09e5-4fa8-8e56-bbefd4e69c0c', NULL, 'administrative:organization:add-child', NULL, NULL, NULL, 0, 0, 0, 1, 1, 1, 1, 0, 1, 1, 'bf75a509-f90e-4a29-8bf7-470b581550f6', 1, 1, '2022-10-27 16:35:24', '2022-10-27 16:35:24');
INSERT INTO `xmw_menu` VALUES ('5bb63c89-e82a-4431-b80b-5c4e332a312e', '44182887-f08b-45b3-9291-5dfd4506a804', 'menu', '/dashboard/work-bench', 'ri:dashboard-2-line', './Dashboard/Workbench', NULL, '12373f1b-ae2a-48e7-ac06-ad4f15bb4975', '_blank', 'dashboard:work-bench', 'side', 'light', 'light', 0, 0, 0, 1, 1, 1, 1, 0, 1, 1, 'bf75a509-f90e-4a29-8bf7-470b581550f6', 88, 1, '2022-10-27 15:46:32', '2024-07-04 14:05:20');
INSERT INTO `xmw_menu` VALUES ('5c33c1f0-eb05-4773-a61f-7bc773d4633a', '22a98b3b-704e-4de2-8c90-34c2a1387f68', 'menu', '/personal-center', NULL, NULL, '/personal-center/personal-information', '255bcf4c-cfbd-4253-9c2d-0b03805e3ff0', '_blank', NULL, 'side', 'light', 'light', 0, 0, 0, 1, 1, 1, 1, 0, 1, 1, 'bf75a509-f90e-4a29-8bf7-470b581550f6', 99, 1, '2023-01-12 15:30:42', '2023-01-12 15:30:42');
INSERT INTO `xmw_menu` VALUES ('6628e05a-876b-4fa1-80df-95f8becf5f7a', '9d8cdcd5-2151-43fe-8230-3ae610a9b3e3', 'menu', '/administrative/jobs-management', 'ri:contacts-book-3-line', './Aministrative/JobsManagement', NULL, 'ce451a62-2ac4-44de-8202-cd8b0a702840', '_blank', 'administrative:jobs-management', 'top', 'dark', 'dark', 0, 0, 0, 1, 1, 1, 1, 0, 1, 1, 'bf75a509-f90e-4a29-8bf7-470b581550f6', 66, 1, '2022-10-27 16:48:37', '2024-07-04 15:39:37');
INSERT INTO `xmw_menu` VALUES ('746f442f-8a13-4022-a2dc-741c716e8485', 'e2f22965-763f-4bef-9fb1-3ed6fff5b436', 'menu', '/features/flow', 'ri:flow-chart', './Features/Flow', NULL, '4f3bd03a-4896-465e-a2a2-ad060dbe8dde', '_blank', 'features:flow', 'side', 'light', 'light', 0, 0, 0, 1, 1, 1, 1, 0, 1, 1, 'bf75a509-f90e-4a29-8bf7-470b581550f6', 82, 1, '2024-10-17 17:35:25', '2024-10-17 17:35:25');
INSERT INTO `xmw_menu` VALUES ('7688d4a8-7214-446e-96d7-b65088af0dbb', '08748ffe-5d33-4406-b786-cf61e3205a90', 'button', NULL, NULL, NULL, NULL, '4e70171f-a946-47e8-a471-d8cabd04c264', NULL, 'system:role-management:delete', NULL, NULL, NULL, NULL, NULL, NULL, 1, 1, 1, 1, NULL, NULL, NULL, '0b0d4594-3ef6-4bc6-b5ce-b5fc81c27995', 1, 1, '2022-12-05 17:14:32', '2022-12-05 17:14:32');
INSERT INTO `xmw_menu` VALUES ('7d221117-ec0b-407c-b0e3-af6372ac46cc', '505ca506-6cdc-4c88-b24b-479d6456bbde', 'menu', '/system/user-management', 'ri:group-line', './System/UserManagement', NULL, 'adbc5cd2-b238-45b5-91a5-48324e8ae96b', '_blank', 'system:user-management', 'top', 'dark', 'light', 0, 0, 0, 1, 1, 1, 1, 0, 1, 1, '0b0d4594-3ef6-4bc6-b5ce-b5fc81c27995', 88, 1, '2022-12-05 17:11:13', '2024-07-04 15:15:46');
INSERT INTO `xmw_menu` VALUES ('81abb19d-51f6-4256-a3d3-ed13a8cbd259', '0ca938ac-db88-4b99-8863-5bb3ae8a094c', 'menu', '/personal-center/personal-information', 'ri:id-card-line', './PersonalCenter/PersonalInformation', NULL, '255bcf4c-cfbd-4253-9c2d-0b03805e3ff0', '_blank', 'personal-center:personal-information', 'mix', 'dark', 'dark', 0, 0, 0, 1, 1, 1, 1, 0, 1, 1, 'bf75a509-f90e-4a29-8bf7-470b581550f6', 88, 1, '2023-01-12 15:32:11', '2024-07-04 13:44:46');
INSERT INTO `xmw_menu` VALUES ('81c3b5d3-6715-49d2-a7b1-b4e3ba6b3732', '1645fb99-80fa-45e5-a075-8296479afb6b', 'button', NULL, NULL, NULL, NULL, '1acff778-5508-4724-b3a6-44b26396fd9e', NULL, 'system:internationalization:edit', NULL, NULL, NULL, 0, 0, 0, 1, 1, 1, 1, 0, 1, 1, 'bf75a509-f90e-4a29-8bf7-470b581550f6', 1, 1, '2022-10-27 16:57:51', '2022-10-27 16:57:51');
INSERT INTO `xmw_menu` VALUES ('81d6e4a1-68e5-4b4e-bf3b-851a7adc2e03', '85eb76fb-5f11-45cb-85b5-ef8afa2ccf15', 'button', NULL, NULL, NULL, NULL, '6628e05a-876b-4fa1-80df-95f8becf5f7a', NULL, 'administrative:jobs-management:add-child', NULL, NULL, NULL, 0, 0, 0, 1, 1, 1, 1, 0, 1, 1, 'bf75a509-f90e-4a29-8bf7-470b581550f6', 1, 1, '2022-10-27 16:49:25', '2022-10-27 16:49:25');
INSERT INTO `xmw_menu` VALUES ('84baadf6-e32c-4b90-8537-353dc9b25adc', 'f49d670d-e00c-409c-bdf7-0088a367bb39', 'button', NULL, NULL, NULL, NULL, '4e70171f-a946-47e8-a471-d8cabd04c264', NULL, 'system:role-management:edit', NULL, NULL, NULL, NULL, NULL, NULL, 1, 1, 1, 1, NULL, NULL, NULL, '0b0d4594-3ef6-4bc6-b5ce-b5fc81c27995', 1, 1, '2022-12-05 17:14:19', '2022-12-05 17:14:19');
INSERT INTO `xmw_menu` VALUES ('88e28d3c-b444-4e08-ba6b-290aea688344', '48ea12ef-201f-4738-8af8-066533179393', 'menu', '/system', NULL, NULL, '/system/user-management', 'adbc5cd2-b238-45b5-91a5-48324e8ae96b', '_blank', NULL, 'side', 'light', 'light', 0, 0, 0, 1, 1, 1, 1, 0, 1, 1, 'bf75a509-f90e-4a29-8bf7-470b581550f6', 99, 1, '2022-10-27 16:53:30', '2022-12-08 09:53:01');
INSERT INTO `xmw_menu` VALUES ('89d96f17-336c-492b-bda2-c5a00069236f', '636af2d2-52ac-4228-89bb-e7876c2d1e4b', 'menu', '/technical-document/nest', 'local:nest', './TechnicalDocument/Nest', NULL, '8a7a9690-2b7f-4fa1-9cc5-e8b8d41b86d3', '_blank', 'technical-document:nest', 'side', 'light', 'light', 0, 0, 0, 1, 1, 1, 1, 0, 1, 1, 'bf75a509-f90e-4a29-8bf7-470b581550f6', 77, 1, '2023-08-11 17:25:25', '2024-07-05 09:05:56');
INSERT INTO `xmw_menu` VALUES ('8a7a9690-2b7f-4fa1-9cc5-e8b8d41b86d3', '1c5face7-ec06-465f-b67e-bf2c8183cc0a', 'dir', '/technical-document', 'ri:code-box-line', NULL, NULL, NULL, NULL, 'technical-document', NULL, NULL, NULL, NULL, NULL, NULL, 1, 1, 1, 1, NULL, NULL, NULL, 'bf75a509-f90e-4a29-8bf7-470b581550f6', 68, 1, '2023-08-11 16:21:23', '2024-07-04 14:24:23');
INSERT INTO `xmw_menu` VALUES ('93de2d1b-334a-459b-ba0f-4efa69d87708', '52438e54-284f-421d-9367-33e19dfe42b2', 'menu', '/features/gantt', 'fa6-solid:chart-gantt', './Features/Gantt', NULL, '4f3bd03a-4896-465e-a2a2-ad060dbe8dde', '_blank', 'features:gantt', 'side', 'light', 'light', 0, 0, 0, 1, 1, 1, 1, 0, 1, 1, 'bf75a509-f90e-4a29-8bf7-470b581550f6', 87, 1, '2024-10-16 13:43:39', '2024-10-16 13:44:33');
INSERT INTO `xmw_menu` VALUES ('96c2072e-54bd-4d49-a335-ec8a4b3efa7d', '3f2d1b6c-85df-488b-b3b4-e537d523d124', 'button', NULL, NULL, NULL, NULL, 'b5c00c90-c7dc-4c9a-aa10-85e8c1959f8a', NULL, 'administrative:announcement:add', NULL, NULL, NULL, NULL, NULL, NULL, 1, 1, 1, 1, NULL, NULL, NULL, 'bf75a509-f90e-4a29-8bf7-470b581550f6', 1, 1, '2023-08-28 09:40:34', '2023-08-28 17:34:35');
INSERT INTO `xmw_menu` VALUES ('981f9c37-8775-458a-983f-23e775eae472', '92e1670f-3d65-49a3-8b65-cffe529ad03e', 'button', NULL, NULL, NULL, NULL, '6628e05a-876b-4fa1-80df-95f8becf5f7a', NULL, 'administrative:jobs-management:edit', NULL, NULL, NULL, 0, 0, 0, 1, 1, 1, 1, 0, 1, 1, 'bf75a509-f90e-4a29-8bf7-470b581550f6', 1, 1, '2022-10-27 16:50:16', '2022-10-27 16:50:16');
INSERT INTO `xmw_menu` VALUES ('98425773-0c6f-45d0-8c6e-093b73e2b870', '496948de-af3f-4157-9f68-597882da5f9d', 'menu', '/features/captcha', 'ri:terminal-box-line', './Features/Captcha', NULL, '4f3bd03a-4896-465e-a2a2-ad060dbe8dde', '_blank', 'features:captcha', 'side', 'light', 'light', 0, 0, 0, 1, 1, 1, 1, 0, 1, 1, 'bf75a509-f90e-4a29-8bf7-470b581550f6', 88, 1, '2024-10-10 13:57:11', '2024-10-16 13:44:23');
INSERT INTO `xmw_menu` VALUES ('9c140f1c-50eb-48c2-a7b5-58e9bbf16e18', 'aa8468ff-4388-45bf-90e8-eb8be94591d8', 'menu', '/dashboard/environmental-dependence', 'ri:puzzle-line', './Dashboard/EnvironmentalDependence', NULL, '12373f1b-ae2a-48e7-ac06-ad4f15bb4975', '_blank', 'dashboard:environmental-dependence', 'side', 'light', 'light', 0, 0, 0, 1, 1, 1, 1, 0, 1, 1, 'bf75a509-f90e-4a29-8bf7-470b581550f6', 1, 1, '2023-08-08 09:31:55', '2024-07-04 14:04:31');
INSERT INTO `xmw_menu` VALUES ('a04bed62-8993-4b6d-88b2-8e63804ac544', '036fa56c-ab6e-478e-8e13-5977d97b2607', 'menu', '/features/charts', 'ri:bar-chart-2-line', './Features/Charts', NULL, '4f3bd03a-4896-465e-a2a2-ad060dbe8dde', '_blank', 'features:charts', 'side', 'light', 'light', 0, 0, 0, 1, 1, 1, 1, 0, 1, 1, 'bf75a509-f90e-4a29-8bf7-470b581550f6', 78, 1, '2024-10-22 14:02:37', '2024-10-22 14:02:37');
INSERT INTO `xmw_menu` VALUES ('a5ab3924-f60a-4b20-8ff4-fb6333e1100a', 'b69a9e36-3cab-472b-a61c-3570ef8207c8', 'menu', 'https://v3.umijs.org/', 'local:umi', NULL, NULL, '8a7a9690-2b7f-4fa1-9cc5-e8b8d41b86d3', '_blank', 'technical-document:umi', 'side', 'light', 'light', 0, 0, 0, 1, 1, 1, 1, 0, 1, 1, 'bf75a509-f90e-4a29-8bf7-470b581550f6', 55, 1, '2023-08-11 17:41:24', '2024-07-05 09:06:39');
INSERT INTO `xmw_menu` VALUES ('adbc5cd2-b238-45b5-91a5-48324e8ae96b', '48ea12ef-201f-4738-8af8-066533179393', 'dir', '/system', 'ri:settings-line', NULL, NULL, NULL, NULL, 'system', NULL, NULL, NULL, NULL, NULL, NULL, 1, 1, 1, 1, NULL, NULL, NULL, 'bf75a509-f90e-4a29-8bf7-470b581550f6', 66, 1, '2022-10-27 16:52:54', '2024-07-04 15:15:00');
INSERT INTO `xmw_menu` VALUES ('b074dbaa-03d5-4897-8d05-99f72969efd7', '3d280731-629d-449f-ba6c-ecd6f8a1617c', 'menu', '/personal-center/personal-setting', 'ri:user-settings-line', './PersonalCenter/PersonalSetting', NULL, '255bcf4c-cfbd-4253-9c2d-0b03805e3ff0', '_blank', 'personal-center:personal-setting', 'side', 'light', 'light', 0, 0, 0, 1, 1, 1, 1, 0, 1, 1, 'bf75a509-f90e-4a29-8bf7-470b581550f6', 77, 1, '2023-01-12 15:32:56', '2024-07-04 13:49:28');
INSERT INTO `xmw_menu` VALUES ('b1945758-403e-4d90-a096-312b2b424ff3', 'a3e5683c-c551-4f47-aa6e-15c64b69e01d', 'menu', '/system/operation-log', 'ri:draft-line', './System/OperationLog', NULL, 'adbc5cd2-b238-45b5-91a5-48324e8ae96b', '_blank', 'system:operation-log', 'side', 'light', 'light', 0, 0, 0, 1, 1, 1, 1, 0, 1, 1, 'bf75a509-f90e-4a29-8bf7-470b581550f6', 1, 1, '2023-03-17 16:38:17', '2024-07-04 15:22:12');
INSERT INTO `xmw_menu` VALUES ('b1ebea57-41ce-4487-a4d9-a1f38004a53a', 'ff46e1e2-0d73-4ae9-9827-0dc7ea89cf93', 'menu', '/features/swiper', 'simple-icons:swiper', './Features/Swiper', NULL, '4f3bd03a-4896-465e-a2a2-ad060dbe8dde', '_blank', 'features:swiper', 'side', 'light', 'light', 0, 0, 0, 1, 1, 1, 1, 0, 1, 1, 'bf75a509-f90e-4a29-8bf7-470b581550f6', 81, 1, '2024-10-21 09:22:47', '2024-10-21 09:23:33');
INSERT INTO `xmw_menu` VALUES ('b5c00c90-c7dc-4c9a-aa10-85e8c1959f8a', 'f1a1c4f7-9122-42a6-a5f2-84ce59f37807', 'menu', '/administrative/announcement', 'ri:notification-line', './Administrative/Announcement', NULL, 'ce451a62-2ac4-44de-8202-cd8b0a702840', '_blank', 'administrative:announcement', 'side', 'light', 'light', 0, 0, 0, 1, 1, 1, 1, 0, 1, 1, 'bf75a509-f90e-4a29-8bf7-470b581550f6', 86, 1, '2023-08-28 09:35:36', '2024-07-04 15:28:45');
INSERT INTO `xmw_menu` VALUES ('b6b55595-9929-4036-bcd3-b6016a642f25', '2abb3cf1-a8a5-4979-bc8f-0d6ca312e362', 'button', NULL, NULL, NULL, NULL, '7d221117-ec0b-407c-b0e3-af6372ac46cc', NULL, 'system:user-management:delete', NULL, NULL, NULL, NULL, NULL, NULL, 1, 1, 1, 1, NULL, NULL, NULL, '0b0d4594-3ef6-4bc6-b5ce-b5fc81c27995', 1, 1, '2022-12-05 17:12:43', '2022-12-05 17:12:43');
INSERT INTO `xmw_menu` VALUES ('bf2dc72c-c524-4be3-a1cf-1da2bd853444', 'e11d0e19-da4e-453f-bb1b-8303f1874deb', 'button', NULL, NULL, NULL, NULL, 'b5c00c90-c7dc-4c9a-aa10-85e8c1959f8a', NULL, 'administrative:announcement:edit', NULL, NULL, NULL, NULL, NULL, NULL, 1, 1, 1, 1, NULL, NULL, NULL, 'bf75a509-f90e-4a29-8bf7-470b581550f6', 1, 1, '2023-08-28 09:40:47', '2023-08-28 09:40:47');
INSERT INTO `xmw_menu` VALUES ('c0aef807-9d00-447e-b829-18b83b09b9fb', '1c5face7-ec06-465f-b67e-bf2c8183cc0a', 'menu', '/technical-document', NULL, NULL, '/technical-document/react-docs', '8a7a9690-2b7f-4fa1-9cc5-e8b8d41b86d3', '_blank', NULL, 'side', 'light', 'light', 0, 0, 0, 1, 1, 1, 1, 0, 1, 1, 'bf75a509-f90e-4a29-8bf7-470b581550f6', 99, 1, '2023-08-11 16:29:58', '2023-08-11 16:29:58');
INSERT INTO `xmw_menu` VALUES ('c1a6ef88-72b0-4ddd-8179-85f7f9dc9294', 'c4084914-eece-4a6d-9617-4a9185f1eb1c', 'button', NULL, NULL, NULL, NULL, '4e70171f-a946-47e8-a471-d8cabd04c264', NULL, 'system:role-management:add', NULL, NULL, NULL, NULL, NULL, NULL, 1, 1, 1, 1, NULL, NULL, NULL, '0b0d4594-3ef6-4bc6-b5ce-b5fc81c27995', 1, 1, '2022-12-05 17:14:44', '2022-12-05 17:14:44');
INSERT INTO `xmw_menu` VALUES ('ce451a62-2ac4-44de-8202-cd8b0a702840', '0960fd86-7e79-496b-83aa-c4159e516d8c', 'dir', '/administrative', 'ri:quill-pen-line', NULL, NULL, NULL, NULL, 'administrative', NULL, NULL, NULL, NULL, NULL, NULL, 1, 1, 1, 1, NULL, NULL, NULL, 'bf75a509-f90e-4a29-8bf7-470b581550f6', 88, 1, '2022-10-27 16:30:36', '2024-07-04 15:32:07');
INSERT INTO `xmw_menu` VALUES ('d518e1bd-7440-4e15-b509-23353aec3205', 'f9e5a8db-da13-435f-a0e8-2bf9da2695c9', 'button', NULL, NULL, NULL, NULL, 'dd8304e6-09e5-4fa8-8e56-bbefd4e69c0c', NULL, 'administrative:organization:delete', NULL, NULL, NULL, 0, 0, 0, 1, 1, 1, 1, 0, 1, 1, 'bf75a509-f90e-4a29-8bf7-470b581550f6', 1, 1, '2022-10-27 16:37:34', '2022-10-27 16:37:34');
INSERT INTO `xmw_menu` VALUES ('d6cdf288-0d59-4da8-a270-a5a49006154b', 'a54c782b-b087-4aa1-a56e-7fc4aec746a9', 'button', NULL, NULL, NULL, NULL, 'dd8304e6-09e5-4fa8-8e56-bbefd4e69c0c', NULL, 'administrative:organization:edit', NULL, NULL, NULL, 0, 0, 0, 1, 1, 1, 1, 0, 1, 1, 'bf75a509-f90e-4a29-8bf7-470b581550f6', 1, 1, '2022-10-27 16:35:54', '2022-10-27 16:35:54');
INSERT INTO `xmw_menu` VALUES ('dd8304e6-09e5-4fa8-8e56-bbefd4e69c0c', 'fdaf8a23-8777-46ff-9142-f30eb3e4d8ee', 'menu', '/administrative/organization', 'ri:exchange-2-line', './Administrative/Organization', NULL, 'ce451a62-2ac4-44de-8202-cd8b0a702840', '_blank', 'administrative:organization', 'mix', 'dark', 'dark', 0, 0, 0, 1, 1, 1, 1, 0, 1, 1, 'bf75a509-f90e-4a29-8bf7-470b581550f6', 77, 1, '2022-10-27 16:33:12', '2024-07-04 15:39:23');
INSERT INTO `xmw_menu` VALUES ('e1376489-4693-4b2f-92b7-890d0bf0ff21', '584f8707-7c8c-469a-b014-a98783774505', 'menu', '/features/lazyload', 'ri:image-add-line', './Features/Lazyload', NULL, '4f3bd03a-4896-465e-a2a2-ad060dbe8dde', '_blank', 'features:lazyload', 'side', 'light', 'light', 0, 0, 0, 1, 1, 1, 1, 0, 1, 1, 'bf75a509-f90e-4a29-8bf7-470b581550f6', 85, 1, '2024-10-16 18:05:30', '2024-10-16 18:05:51');
INSERT INTO `xmw_menu` VALUES ('e6edc216-38b7-49cd-b097-6e996a7d8316', '5073be03-8237-4fbb-9517-a10a05e6abc0', 'button', NULL, NULL, NULL, NULL, '562d45f9-e8ca-4ca4-8862-b9a44a3443cd', NULL, 'system:menu-management:delete', NULL, NULL, NULL, 0, 0, 0, 1, 1, 1, 1, 0, 1, 1, 'bf75a509-f90e-4a29-8bf7-470b581550f6', 1, 1, '2022-10-27 16:55:55', '2022-10-27 16:55:55');
INSERT INTO `xmw_menu` VALUES ('ebb8abd4-3231-4e5b-a007-0f9103bf66e7', '3d3e87e0-1072-45e6-bec2-b1080e4646d8', 'button', NULL, NULL, NULL, NULL, '562d45f9-e8ca-4ca4-8862-b9a44a3443cd', NULL, 'system:menu-management:add', NULL, NULL, NULL, 0, 0, 0, 1, 1, 1, 1, 0, 1, 1, 'bf75a509-f90e-4a29-8bf7-470b581550f6', 1, 1, '2022-10-27 16:56:08', '2022-10-27 16:56:08');
INSERT INTO `xmw_menu` VALUES ('f1eb0226-8ed7-4f80-ab42-08c27ed3f176', '67761aaf-1f58-4afa-97be-613221d397f2', 'button', NULL, NULL, NULL, NULL, '1acff778-5508-4724-b3a6-44b26396fd9e', NULL, 'system:internationalization:add-child', NULL, NULL, NULL, 0, 0, 0, 1, 1, 1, 1, 0, 1, 1, 'bf75a509-f90e-4a29-8bf7-470b581550f6', 1, 1, '2022-10-27 16:57:39', '2022-10-27 16:57:39');
INSERT INTO `xmw_menu` VALUES ('f6ccb7eb-20a1-4d6f-bb7a-a38a6f2512dd', 'bcbbef6e-3700-4b42-8c15-c0c70bb0fca2', 'button', NULL, NULL, NULL, NULL, 'b1945758-403e-4d90-a096-312b2b424ff3', NULL, 'system:operation-log:delete', NULL, NULL, NULL, NULL, NULL, NULL, 1, 1, 1, 1, NULL, NULL, NULL, 'bf75a509-f90e-4a29-8bf7-470b581550f6', 1, 1, '2024-10-28 16:49:53', '2024-10-28 16:49:53');
INSERT INTO `xmw_menu` VALUES ('f9f168a1-a31a-4105-b80d-9c38dcf0bd59', '83e02616-bb7a-4c02-97d4-bade828025f4', 'button', NULL, NULL, NULL, NULL, '1acff778-5508-4724-b3a6-44b26396fd9e', NULL, 'system:internationalization:delete', NULL, NULL, NULL, 0, 0, 0, 1, 1, 1, 1, 0, 1, 1, 'bf75a509-f90e-4a29-8bf7-470b581550f6', 1, 1, '2022-10-27 16:58:06', '2022-10-27 16:58:06');

-- ----------------------------
-- Table structure for xmw_organization
-- ----------------------------
DROP TABLE IF EXISTS `xmw_organization`;
CREATE TABLE `xmw_organization`  (
  `org_id` char(36) CHARACTER SET utf8mb4 COLLATE utf8mb4_0900_ai_ci NOT NULL COMMENT '组织id',
  `org_name` varchar(20) CHARACTER SET utf8mb4 COLLATE utf8mb4_0900_ai_ci NOT NULL COMMENT '组织名称',
  `parent_id` char(36) CHARACTER SET utf8mb4 COLLATE utf8mb4_bin NULL DEFAULT NULL COMMENT '父级id',
  `org_code` varchar(32) CHARACTER SET utf8mb4 COLLATE utf8mb4_0900_ai_ci NOT NULL COMMENT '组织编码',
  `org_type` enum('group','company','unit','department') CHARACTER SET utf8mb4 COLLATE utf8mb4_0900_ai_ci NOT NULL COMMENT '组织类型（group:集团,company:公司,unit:单位,department:部门）',
  `org_logo` varchar(200) CHARACTER SET utf8mb4 COLLATE utf8mb4_0900_ai_ci NULL DEFAULT NULL COMMENT '组织logo',
  `leader` char(36) CHARACTER SET utf8mb4 COLLATE utf8mb4_bin NOT NULL COMMENT '组织负责人',
  `founder` char(36) CHARACTER SET utf8mb4 COLLATE utf8mb4_bin NOT NULL COMMENT '创建人',
  `status` int NOT NULL DEFAULT 1 COMMENT '组织状态（0:禁用，1：正常）',
  `sort` int NOT NULL COMMENT '排序',
  `describe` varchar(200) CHARACTER SET utf8mb4 COLLATE utf8mb4_0900_ai_ci NOT NULL COMMENT '组织描述',
  `created_time` datetime NOT NULL,
  `updated_time` datetime NOT NULL,
  PRIMARY KEY (`org_id`) USING BTREE
) ENGINE = InnoDB CHARACTER SET = utf8mb4 COLLATE = utf8mb4_0900_ai_ci ROW_FORMAT = DYNAMIC;

-- ----------------------------
-- Records of xmw_organization
-- ----------------------------
INSERT INTO `xmw_organization` VALUES ('2c4855da-2e4b-4367-a6c6-f9d8a0bf1b0c', '文心一言', '7115340c-ff89-44d1-853d-90673055a24c', 'Yiyan', 'company', 'https://react.baiwumm.com/static/image/2023-09-12/ae0d2b81-19e8-4903-8a3a-b9bcd1e8cfc6.png', '0b0d4594-3ef6-4bc6-b5ce-b5fc81c27995', 'bf75a509-f90e-4a29-8bf7-470b581550f6', 1, 1, '文心一言（英文名：ERNIE Bot）是百度全新一代知识增强大语言模型，文心大模型家族的新成员，能够与人对话互动，回答问题，协助创作，高效便捷地帮助人们获取信息、知识和灵感。文心一言是知识增强的大语言模型，基于飞桨深度学习平台和文心知识增强大模型，持续从海量数据和大规模知识中融合学习具备知识增强、检索增强和对话增强的技术特色', '2023-09-12 13:35:46', '2023-09-12 13:35:46');
INSERT INTO `xmw_organization` VALUES ('3238736e-6e53-48c1-b2dd-fb0684357266', '字节跳动', NULL, 'Bytedance', 'group', 'https://react.baiwumm.com/static/image/2023-09-12/c8a1c7cf-1372-4e9e-9953-b49dcc243d9e.png', 'bf75a509-f90e-4a29-8bf7-470b581550f6', 'bf75a509-f90e-4a29-8bf7-470b581550f6', 1, 1, '北京抖音信息服务有限公司，成立于2012年3月9日，2021年全年的营业收入约为580亿美元， [89] 地址位于北京市海淀区北三环西路甲23号院1号楼2层222 [103] 。公司以建设“全球创作与交流平台”为愿景 [1] 。字节跳动的全球化布局始于2015年 [2] ，“技术出海”是字节跳动全球化发展的核心战略 [3] ，其旗下产品有今日头条、西瓜视频、抖音、头条百科、皮皮虾、懂车帝、悟空问答', '2023-09-12 13:37:39', '2023-09-12 13:37:39');
INSERT INTO `xmw_organization` VALUES ('416d7277-5d55-4778-a535-57a67b290c16', '抖音', '3238736e-6e53-48c1-b2dd-fb0684357266', 'TikTok', 'company', 'https://react.baiwumm.com/static/image/2023-09-12/0fda6f98-4b84-4eea-890c-d790c47fe42c.png', 'bf75a509-f90e-4a29-8bf7-470b581550f6', 'bf75a509-f90e-4a29-8bf7-470b581550f6', 1, 1, '抖音，是由字节跳动孵化的一款音乐创意短视频社交软件。', '2023-09-12 13:39:25', '2023-09-12 13:39:25');
INSERT INTO `xmw_organization` VALUES ('46bc733f-5b5a-4878-982c-30eafea92c93', '高德地图', '79581210-60b7-4c66-b6ae-14b013c3661e', 'GaoDe', 'company', 'https://react.baiwumm.com/static/image/2023-09-12/fd771d04-2663-4475-a223-92a626b767a1.png', 'bf75a509-f90e-4a29-8bf7-470b581550f6', 'bf75a509-f90e-4a29-8bf7-470b581550f6', 1, 1, '高德地图是中国领先的数字地图内容、导航和位置服务解决方案提供商。是国内十大移动应用之一。 [100] 拥有导航电子地图甲级测绘资质和互联网地图服务甲级测绘资质，其优质的电子地图数据库成为公司的核心竞争力。', '2023-09-12 11:26:09', '2023-09-12 11:26:09');
INSERT INTO `xmw_organization` VALUES ('7115340c-ff89-44d1-853d-90673055a24c', '百度控股', NULL, 'Baidu', 'group', 'https://react.baiwumm.com/static/image/2023-08-31/d0455f0b-a8bd-4836-90df-9d3b4fe1061c.png', 'bf75a509-f90e-4a29-8bf7-470b581550f6', 'bf75a509-f90e-4a29-8bf7-470b581550f6', 1, 1, '百度（Baidu）是拥有强大互联网基础的领先AI公司。百度愿景是：成为最懂用户，并能帮助人们成长的全球顶级高科技公司。', '2022-12-12 11:11:34', '2023-08-31 16:59:41');
INSERT INTO `xmw_organization` VALUES ('739d9e0c-b570-4bfc-a75b-67c4be1b1af7', '招商银行', NULL, 'CMB', 'group', 'https://react.baiwumm.com/static/image/2023-08-31/2c0bdf2c-5182-41f2-9b31-8dbfc74530f9.png', '0b0d4594-3ef6-4bc6-b5ce-b5fc81c27995', 'bf75a509-f90e-4a29-8bf7-470b581550f6', 1, 98, '招商银行（China Merchants Bank）1987年成立于深圳蛇口，2022年总资产10.14万亿元，是中国境内第一家完全由企业法人持股的股份制商业银行，也是国家从体制外推动银行业改革的第一家试点银行', '2022-12-01 18:21:22', '2023-09-19 17:45:05');
INSERT INTO `xmw_organization` VALUES ('79581210-60b7-4c66-b6ae-14b013c3661e', '阿里巴巴', NULL, 'Alibaba', 'company', 'https://react.baiwumm.com/static/image/2023-08-31/1fc6645f-6dd8-4789-8d43-518a15a20b70.png', 'dac1e100-a6ad-48c4-9963-b3be37c6443c', 'bf75a509-f90e-4a29-8bf7-470b581550f6', 1, 88, '阿里巴巴集团控股有限公司（简称：阿里巴巴集团）是马云带领下的18位创始人于1999年在浙江省杭州市创立的公司。', '2022-09-15 15:35:08', '2023-09-12 14:19:12');
INSERT INTO `xmw_organization` VALUES ('79a4a0d6-776a-4d82-a884-57c2b59e7e94', '飞猪', '79581210-60b7-4c66-b6ae-14b013c3661e', 'Feizhu', 'company', 'https://react.baiwumm.com/static/image/2023-08-31/4d52f891-3182-4194-9b61-c982acf31fd5.png', 'bf75a509-f90e-4a29-8bf7-470b581550f6', 'bf75a509-f90e-4a29-8bf7-470b581550f6', 1, 1, '全称飞猪旅行，是阿里巴巴集团旗下的综合性旅游服务平台 [2]  [4]  ，旨在让天下没有难做的旅行生意 [3]  。飞猪旅行平台上提供国内外交通、酒店住宿、景区门票、目的地游玩等产品及旅游周边服务。', '2022-11-09 13:53:21', '2023-08-31 16:58:00');
INSERT INTO `xmw_organization` VALUES ('867bb4e9-fe0c-4232-8f45-14cdf2078008', '国际化业务部', '416d7277-5d55-4778-a535-57a67b290c16', 'Gjh', 'department', '', 'bf75a509-f90e-4a29-8bf7-470b581550f6', 'bf75a509-f90e-4a29-8bf7-470b581550f6', 1, 1, '负责抖音产品的国际化宣传', '2023-09-12 13:42:28', '2023-09-12 13:42:28');
INSERT INTO `xmw_organization` VALUES ('9e0d462d-5254-41ba-b8f3-982a7cf588f0', '腾讯控股', NULL, 'Tencent', 'group', 'https://react.baiwumm.com/static/image/2023-08-31/88f5eeb8-fa3d-4add-8435-1ff4e737db39.png', 'bf75a509-f90e-4a29-8bf7-470b581550f6', 'bf75a509-f90e-4a29-8bf7-470b581550f6', 1, 1, '深圳市腾讯计算机系统有限公司成立于1998年11月，由马化腾、张志东、许晨晔、陈一丹、曾李青五位创始人共同创立。', '2022-10-21 09:49:43', '2023-08-31 17:00:35');
INSERT INTO `xmw_organization` VALUES ('bb074cdc-4aa2-42e4-a200-64bf83ed4ed5', '天猫商城', '79581210-60b7-4c66-b6ae-14b013c3661e', 'Tmall', 'unit', 'https://react.baiwumm.com/static/image/2023-08-31/011f1933-cb5a-4031-8556-bc70a527b965.png', 'bf75a509-f90e-4a29-8bf7-470b581550f6', 'bf75a509-f90e-4a29-8bf7-470b581550f6', 1, 2, '“天猫”（英文：Tmall，亦称淘宝商城、天猫商城）原名淘宝商城，是一个综合性购物网站。', '2022-09-15 15:36:46', '2023-08-31 16:57:27');
INSERT INTO `xmw_organization` VALUES ('c1921e5b-8a12-4ad0-88bd-c21355765596', '微信', '9e0d462d-5254-41ba-b8f3-982a7cf588f0', 'WeChat', 'company', 'https://react.baiwumm.com/static/image/2023-08-31/b7f8d9f8-15ec-4fe4-b2f9-e54d6ddf67fd.png', 'a7e1d550-c351-4d19-8873-268912f73584', 'bf75a509-f90e-4a29-8bf7-470b581550f6', 1, 1, '微信（WeChat）是腾讯公司于2011年1月21日推出的一个为智能终端提供即时通讯服务的免费应用程序 [1]  ，由张小龙所带领的腾讯广州研发中心产品团队打造 [2]  。', '2022-12-28 13:52:52', '2023-08-31 17:03:37');
INSERT INTO `xmw_organization` VALUES ('cb71893e-94dc-4899-90ab-286d96c3ca84', 'QQ', '9e0d462d-5254-41ba-b8f3-982a7cf588f0', 'QQ', 'unit', 'https://react.baiwumm.com/static/image/2023-08-31/07d2a99c-b294-4512-9066-4a1efe7e839b.png', '0b0d4594-3ef6-4bc6-b5ce-b5fc81c27995', 'bf75a509-f90e-4a29-8bf7-470b581550f6', 1, 1, 'QQ，是腾讯QQ的简称，是腾讯公司推出的一款基于互联网的即时通信软件', '2022-12-28 13:51:38', '2023-08-31 17:01:50');
INSERT INTO `xmw_organization` VALUES ('e93e3fb9-ae34-4c5f-ae7b-ffc9985c4a04', '数字化研发', '416d7277-5d55-4778-a535-57a67b290c16', 'Digital', 'department', '', 'bf75a509-f90e-4a29-8bf7-470b581550f6', 'bf75a509-f90e-4a29-8bf7-470b581550f6', 1, 1, '负责抖音产品的研发', '2023-09-12 13:41:10', '2023-09-12 13:41:10');
INSERT INTO `xmw_organization` VALUES ('f107862c-30bf-45cb-9957-5b5429e0ff20', '淘宝', '79581210-60b7-4c66-b6ae-14b013c3661e', 'Taobao', 'company', 'https://react.baiwumm.com/static/image/2023-08-31/13c38782-05eb-475d-b385-205250555dc5.png', 'bf75a509-f90e-4a29-8bf7-470b581550f6', 'bf75a509-f90e-4a29-8bf7-470b581550f6', 1, 1, '淘宝网是亚太地区较大的网络零售、商圈，由阿里巴巴集团在2003年5月创立。', '2022-09-15 15:39:08', '2023-08-31 16:58:28');

-- ----------------------------
-- Table structure for xmw_permission
-- ----------------------------
DROP TABLE IF EXISTS `xmw_permission`;
CREATE TABLE `xmw_permission`  (
  `permission_id` char(36) CHARACTER SET utf8mb4 COLLATE utf8mb4_bin NOT NULL COMMENT '权限id',
  `role_id` char(36) CHARACTER SET utf8mb4 COLLATE utf8mb4_bin NULL DEFAULT NULL COMMENT '角色id',
  `menu_id` char(36) CHARACTER SET utf8mb4 COLLATE utf8mb4_bin NULL DEFAULT NULL COMMENT '菜单id',
  `created_time` datetime NOT NULL,
  `updated_time` datetime NOT NULL,
  PRIMARY KEY (`permission_id`) USING BTREE,
  INDEX `role_id`(`role_id` ASC) USING BTREE,
  CONSTRAINT `xmw_permission_ibfk_1` FOREIGN KEY (`role_id`) REFERENCES `xmw_role` (`role_id`) ON DELETE CASCADE ON UPDATE CASCADE
) ENGINE = InnoDB CHARACTER SET = utf8mb4 COLLATE = utf8mb4_0900_ai_ci ROW_FORMAT = DYNAMIC;

-- ----------------------------
-- Records of xmw_permission
-- ----------------------------
INSERT INTO `xmw_permission` VALUES ('01b92a5b-8a7a-415d-9abe-56ee363aca9b', '309c8d5a-b802-48bf-a15f-e5ba3e2c1e30', '062fada5-41b0-4a90-8632-49ef932ed354', '2023-09-12 13:56:10', '2023-09-12 13:56:10');
INSERT INTO `xmw_permission` VALUES ('03838371-7d74-473f-9259-fb7cb585fae1', 'd1ed7af5-b776-4cb9-a441-4967ad815f4b', '5bb63c89-e82a-4431-b80b-5c4e332a312e', '2022-12-08 09:57:32', '2022-12-08 09:57:32');
INSERT INTO `xmw_permission` VALUES ('072a34c1-d6ce-451d-959c-d4e30d466555', '31938054-db3e-434f-a98e-7edc89c9c42f', '12373f1b-ae2a-48e7-ac06-ad4f15bb4975', '2023-09-12 13:56:58', '2023-09-12 13:56:58');
INSERT INTO `xmw_permission` VALUES ('0d71fe40-0434-4891-8d37-f9686300ee78', 'c49aeeca-bc95-444e-a437-a2d36e79def4', '746f442f-8a13-4022-a2dc-741c716e8485', '2024-10-28 17:03:39', '2024-10-28 17:03:39');
INSERT INTO `xmw_permission` VALUES ('10a5e909-a83b-4d95-af86-ecd10eddd5fe', 'd1ed7af5-b776-4cb9-a441-4967ad815f4b', 'dd8304e6-09e5-4fa8-8e56-bbefd4e69c0c', '2022-12-08 09:57:32', '2022-12-08 09:57:32');
INSERT INTO `xmw_permission` VALUES ('13c52f7c-358c-40f8-9d6c-c5cdead4e1d6', 'c49aeeca-bc95-444e-a437-a2d36e79def4', 'a5ab3924-f60a-4b20-8ff4-fb6333e1100a', '2024-10-28 17:03:39', '2024-10-28 17:03:39');
INSERT INTO `xmw_permission` VALUES ('13f1ff0b-090b-40c7-a2bd-a54e5f00abba', '309c8d5a-b802-48bf-a15f-e5ba3e2c1e30', 'adbc5cd2-b238-45b5-91a5-48324e8ae96b', '2023-09-12 13:56:10', '2023-09-12 13:56:10');
INSERT INTO `xmw_permission` VALUES ('189a0426-837b-4b22-9523-682594912355', 'c49aeeca-bc95-444e-a437-a2d36e79def4', 'b074dbaa-03d5-4897-8d05-99f72969efd7', '2024-10-28 17:03:39', '2024-10-28 17:03:39');
INSERT INTO `xmw_permission` VALUES ('2263893e-67e5-4619-a24b-91f3a1c25aaa', 'c49aeeca-bc95-444e-a437-a2d36e79def4', '4e70171f-a946-47e8-a471-d8cabd04c264', '2024-10-28 17:03:39', '2024-10-28 17:03:39');
INSERT INTO `xmw_permission` VALUES ('22e0c252-a36e-4bd2-9805-f5d1d880c7fc', '309c8d5a-b802-48bf-a15f-e5ba3e2c1e30', '7d221117-ec0b-407c-b0e3-af6372ac46cc', '2023-09-12 13:56:10', '2023-09-12 13:56:10');
INSERT INTO `xmw_permission` VALUES ('249d1d24-a192-4ecf-b621-6e926501987b', 'c49aeeca-bc95-444e-a437-a2d36e79def4', 'bf2dc72c-c524-4be3-a1cf-1da2bd853444', '2024-10-28 17:03:39', '2024-10-28 17:03:39');
INSERT INTO `xmw_permission` VALUES ('29ef1734-cef8-4933-bfce-f24dca2c78cc', 'c49aeeca-bc95-444e-a437-a2d36e79def4', 'dd8304e6-09e5-4fa8-8e56-bbefd4e69c0c', '2024-10-28 17:03:39', '2024-10-28 17:03:39');
INSERT INTO `xmw_permission` VALUES ('2b7dfd95-571c-4c07-a4bb-934fa03b388c', 'c49aeeca-bc95-444e-a437-a2d36e79def4', '5bb63c89-e82a-4431-b80b-5c4e332a312e', '2024-10-28 17:03:39', '2024-10-28 17:03:39');
INSERT INTO `xmw_permission` VALUES ('2d582e2f-7362-448a-a9af-08a2fe827936', 'c49aeeca-bc95-444e-a437-a2d36e79def4', '235a3648-bc49-4400-8403-f752a1bdcb02', '2024-10-28 17:03:39', '2024-10-28 17:03:39');
INSERT INTO `xmw_permission` VALUES ('3a734294-62d9-4f44-a6cd-d2ba13f8edbc', 'c49aeeca-bc95-444e-a437-a2d36e79def4', '12373f1b-ae2a-48e7-ac06-ad4f15bb4975', '2024-10-28 17:03:39', '2024-10-28 17:03:39');
INSERT INTO `xmw_permission` VALUES ('3ac94d4a-8424-47c6-807a-57e3cd66026a', 'c49aeeca-bc95-444e-a437-a2d36e79def4', '062fada5-41b0-4a90-8632-49ef932ed354', '2024-10-28 17:03:39', '2024-10-28 17:03:39');
INSERT INTO `xmw_permission` VALUES ('3b823f69-4793-4df6-89a1-90d001175574', 'c49aeeca-bc95-444e-a437-a2d36e79def4', 'd518e1bd-7440-4e15-b509-23353aec3205', '2024-10-28 17:03:39', '2024-10-28 17:03:39');
INSERT INTO `xmw_permission` VALUES ('3c07be64-d856-4200-aff8-364e22ba4b0f', 'c49aeeca-bc95-444e-a437-a2d36e79def4', 'e1376489-4693-4b2f-92b7-890d0bf0ff21', '2024-10-28 17:03:39', '2024-10-28 17:03:39');
INSERT INTO `xmw_permission` VALUES ('3e2347cd-89e7-4ce0-9aeb-d0b1bff5e308', 'c49aeeca-bc95-444e-a437-a2d36e79def4', 'f9f168a1-a31a-4105-b80d-9c38dcf0bd59', '2024-10-28 17:03:39', '2024-10-28 17:03:39');
INSERT INTO `xmw_permission` VALUES ('3e6553bc-b086-4b16-be9e-206fcc91943a', 'c37e0d9c-536a-4a6f-b5d1-989d3d65240a', '81d6e4a1-68e5-4b4e-bf3b-851a7adc2e03', '2024-10-28 16:32:44', '2024-10-28 16:32:44');
INSERT INTO `xmw_permission` VALUES ('3ea9a526-0e4d-435f-afab-0e6315f52e6d', '31938054-db3e-434f-a98e-7edc89c9c42f', '5bb63c89-e82a-4431-b80b-5c4e332a312e', '2023-09-12 13:56:58', '2023-09-12 13:56:58');
INSERT INTO `xmw_permission` VALUES ('4453230b-a526-47d1-ab28-583c03007582', '309c8d5a-b802-48bf-a15f-e5ba3e2c1e30', 'e6edc216-38b7-49cd-b097-6e996a7d8316', '2023-09-12 13:56:10', '2023-09-12 13:56:10');
INSERT INTO `xmw_permission` VALUES ('45609f98-b2c2-4e67-a52c-dfb5145b35df', 'c49aeeca-bc95-444e-a437-a2d36e79def4', 'd6cdf288-0d59-4da8-a270-a5a49006154b', '2024-10-28 17:03:39', '2024-10-28 17:03:39');
INSERT INTO `xmw_permission` VALUES ('474d78fe-8692-4b76-baa9-b36d98620ff3', '309c8d5a-b802-48bf-a15f-e5ba3e2c1e30', '00d37222-d6b6-43ab-a459-b15610fdcbf3', '2023-09-12 13:56:10', '2023-09-12 13:56:10');
INSERT INTO `xmw_permission` VALUES ('47b869b4-430b-4d96-82dc-73e317fd7eb4', 'c49aeeca-bc95-444e-a437-a2d36e79def4', '98425773-0c6f-45d0-8c6e-093b73e2b870', '2024-10-28 17:03:39', '2024-10-28 17:03:39');
INSERT INTO `xmw_permission` VALUES ('49fad682-cd65-41b6-a9e1-d82a7bf6c07d', 'c49aeeca-bc95-444e-a437-a2d36e79def4', '4f3bd03a-4896-465e-a2a2-ad060dbe8dde', '2024-10-28 17:03:39', '2024-10-28 17:03:39');
INSERT INTO `xmw_permission` VALUES ('4c0c84c7-9808-42d1-a65e-a9aed16a8463', 'c37e0d9c-536a-4a6f-b5d1-989d3d65240a', '2e1d74aa-2356-4b26-8488-7c337ae306cc', '2024-10-28 16:32:44', '2024-10-28 16:32:44');
INSERT INTO `xmw_permission` VALUES ('4c39f7f7-8d48-4326-ad95-2fd7a7b880e1', 'c37e0d9c-536a-4a6f-b5d1-989d3d65240a', '2710e59a-0b37-4ea7-b6aa-73ffe2298391', '2024-10-28 16:32:44', '2024-10-28 16:32:44');
INSERT INTO `xmw_permission` VALUES ('4ddc52da-c080-4dc7-b1d4-2af8388b607f', 'c37e0d9c-536a-4a6f-b5d1-989d3d65240a', '1360556e-3106-48aa-a030-90edfd7073ea', '2024-10-28 16:32:44', '2024-10-28 16:32:44');
INSERT INTO `xmw_permission` VALUES ('54cb0702-a0fe-4bf8-8e6c-c70bc93fcd40', 'd1ed7af5-b776-4cb9-a441-4967ad815f4b', 'ce451a62-2ac4-44de-8202-cd8b0a702840', '2022-12-08 09:57:32', '2022-12-08 09:57:32');
INSERT INTO `xmw_permission` VALUES ('59db39d8-56b7-4ea5-83dc-2e01d64ef4f0', 'c49aeeca-bc95-444e-a437-a2d36e79def4', 'ebb8abd4-3231-4e5b-a007-0f9103bf66e7', '2024-10-28 17:03:39', '2024-10-28 17:03:39');
INSERT INTO `xmw_permission` VALUES ('5ba22a5b-cf8c-45be-b37a-40afb46cfad1', 'c37e0d9c-536a-4a6f-b5d1-989d3d65240a', 'dd8304e6-09e5-4fa8-8e56-bbefd4e69c0c', '2024-10-28 16:32:44', '2024-10-28 16:32:44');
INSERT INTO `xmw_permission` VALUES ('5e754a18-4b55-4b8d-b743-63d17902a6ad', 'c49aeeca-bc95-444e-a437-a2d36e79def4', 'b1945758-403e-4d90-a096-312b2b424ff3', '2024-10-28 17:03:39', '2024-10-28 17:03:39');
INSERT INTO `xmw_permission` VALUES ('614734e6-1674-4018-9cca-d91f3f34ff76', '309c8d5a-b802-48bf-a15f-e5ba3e2c1e30', '17911862-bce9-4264-b541-7ee1d2c7ec13', '2023-09-12 13:56:10', '2023-09-12 13:56:10');
INSERT INTO `xmw_permission` VALUES ('63c71d7e-385a-4ece-93dc-70260dba6295', 'c49aeeca-bc95-444e-a437-a2d36e79def4', '38788fd7-fcc2-4d0d-85ec-016bf5a90520', '2024-10-28 17:03:39', '2024-10-28 17:03:39');
INSERT INTO `xmw_permission` VALUES ('643d4f09-5b8f-4380-a9b9-db5b14337ef0', 'c49aeeca-bc95-444e-a437-a2d36e79def4', '255bcf4c-cfbd-4253-9c2d-0b03805e3ff0', '2024-10-28 17:03:39', '2024-10-28 17:03:39');
INSERT INTO `xmw_permission` VALUES ('69e47c46-c4f9-4dd1-966e-7d8f9079c9c8', 'c49aeeca-bc95-444e-a437-a2d36e79def4', '4c499ae2-55a1-4aee-a8ff-dadb3e8e7f83', '2024-10-28 17:03:39', '2024-10-28 17:03:39');
INSERT INTO `xmw_permission` VALUES ('6cf37a1d-7788-4e66-b3ef-2e7875d54102', 'd1ed7af5-b776-4cb9-a441-4967ad815f4b', '2e1d74aa-2356-4b26-8488-7c337ae306cc', '2022-12-08 09:57:32', '2022-12-08 09:57:32');
INSERT INTO `xmw_permission` VALUES ('6e389de0-0984-4b9f-96c3-fad004dff4ae', 'd1ed7af5-b776-4cb9-a441-4967ad815f4b', '59a27556-69e9-4ecf-879f-fdd943fd190c', '2022-12-08 09:57:32', '2022-12-08 09:57:32');
INSERT INTO `xmw_permission` VALUES ('7208db6a-d208-4d5f-bcf6-70a4a9df5794', '309c8d5a-b802-48bf-a15f-e5ba3e2c1e30', 'c1a6ef88-72b0-4ddd-8179-85f7f9dc9294', '2023-09-12 13:56:10', '2023-09-12 13:56:10');
INSERT INTO `xmw_permission` VALUES ('72aafe35-d60f-4a7c-bfea-ad9ee27335f0', 'c37e0d9c-536a-4a6f-b5d1-989d3d65240a', 'b5c00c90-c7dc-4c9a-aa10-85e8c1959f8a', '2024-10-28 16:32:44', '2024-10-28 16:32:44');
INSERT INTO `xmw_permission` VALUES ('7436ec97-3b36-4190-83da-fa79968cb243', 'c49aeeca-bc95-444e-a437-a2d36e79def4', '24f41a30-3134-47f7-ad96-4f93cbd988a2', '2024-10-28 17:03:39', '2024-10-28 17:03:39');
INSERT INTO `xmw_permission` VALUES ('77e01e19-99a6-4e41-aa03-a7b05afc6e91', 'c49aeeca-bc95-444e-a437-a2d36e79def4', '3787908c-3fcc-415f-83a9-a9f3701269ef', '2024-10-28 17:03:39', '2024-10-28 17:03:39');
INSERT INTO `xmw_permission` VALUES ('794bc62c-78e0-480f-8556-1c52531d7a57', '309c8d5a-b802-48bf-a15f-e5ba3e2c1e30', 'b1945758-403e-4d90-a096-312b2b424ff3', '2023-09-12 13:56:10', '2023-09-12 13:56:10');
INSERT INTO `xmw_permission` VALUES ('7b205faf-f8e9-4c3d-bf65-f4227c8648bb', 'c49aeeca-bc95-444e-a437-a2d36e79def4', 'ce451a62-2ac4-44de-8202-cd8b0a702840', '2024-10-28 17:03:39', '2024-10-28 17:03:39');
INSERT INTO `xmw_permission` VALUES ('7b9ee4db-1e12-4afd-91fc-efe8129f5b51', 'c49aeeca-bc95-444e-a437-a2d36e79def4', '51aed341-5686-4d5d-a7e5-5495348d9213', '2024-10-28 17:03:39', '2024-10-28 17:03:39');
INSERT INTO `xmw_permission` VALUES ('7bdbd3a4-623d-4ed2-ab77-cc75fca97268', 'c49aeeca-bc95-444e-a437-a2d36e79def4', '93de2d1b-334a-459b-ba0f-4efa69d87708', '2024-10-28 17:03:39', '2024-10-28 17:03:39');
INSERT INTO `xmw_permission` VALUES ('7cec91c9-3461-48c3-9b50-0dcb223dab9e', 'c37e0d9c-536a-4a6f-b5d1-989d3d65240a', 'd518e1bd-7440-4e15-b509-23353aec3205', '2024-10-28 16:32:44', '2024-10-28 16:32:44');
INSERT INTO `xmw_permission` VALUES ('7fe5e628-01fc-4076-ab66-595d331e2d54', 'c49aeeca-bc95-444e-a437-a2d36e79def4', 'a04bed62-8993-4b6d-88b2-8e63804ac544', '2024-10-28 17:03:39', '2024-10-28 17:03:39');
INSERT INTO `xmw_permission` VALUES ('807e5a90-a1ca-490e-b635-e17c71600f51', 'c37e0d9c-536a-4a6f-b5d1-989d3d65240a', '96c2072e-54bd-4d49-a335-ec8a4b3efa7d', '2024-10-28 16:32:44', '2024-10-28 16:32:44');
INSERT INTO `xmw_permission` VALUES ('81d79669-324d-4ac9-8b10-ecf66f4ba0a6', 'd1ed7af5-b776-4cb9-a441-4967ad815f4b', '6628e05a-876b-4fa1-80df-95f8becf5f7a', '2022-12-08 09:57:32', '2022-12-08 09:57:32');
INSERT INTO `xmw_permission` VALUES ('82f719a0-b761-47f6-83b5-d34fbfd42df7', 'c37e0d9c-536a-4a6f-b5d1-989d3d65240a', '6628e05a-876b-4fa1-80df-95f8becf5f7a', '2024-10-28 16:32:44', '2024-10-28 16:32:44');
INSERT INTO `xmw_permission` VALUES ('842871cc-c8e5-40ee-9f6a-6de322daaa77', 'c49aeeca-bc95-444e-a437-a2d36e79def4', '89d96f17-336c-492b-bda2-c5a00069236f', '2024-10-28 17:03:39', '2024-10-28 17:03:39');
INSERT INTO `xmw_permission` VALUES ('89f7f229-2835-4734-ad0b-fdc621ef9c95', 'c37e0d9c-536a-4a6f-b5d1-989d3d65240a', '3787908c-3fcc-415f-83a9-a9f3701269ef', '2024-10-28 16:32:44', '2024-10-28 16:32:44');
INSERT INTO `xmw_permission` VALUES ('8a9ec42f-f900-4521-9b7f-255cda068fc8', 'c49aeeca-bc95-444e-a437-a2d36e79def4', 'f1eb0226-8ed7-4f80-ab42-08c27ed3f176', '2024-10-28 17:03:39', '2024-10-28 17:03:39');
INSERT INTO `xmw_permission` VALUES ('8b764589-5fd0-4db9-838b-3e3e85bea565', '309c8d5a-b802-48bf-a15f-e5ba3e2c1e30', '22b1d1f4-2543-4fa9-8d45-c04d9d239c04', '2023-09-12 13:56:10', '2023-09-12 13:56:10');
INSERT INTO `xmw_permission` VALUES ('8c7dfb12-ab70-428a-b6ed-0ebdfefff6a3', '309c8d5a-b802-48bf-a15f-e5ba3e2c1e30', '4e70171f-a946-47e8-a471-d8cabd04c264', '2023-09-12 13:56:10', '2023-09-12 13:56:10');
INSERT INTO `xmw_permission` VALUES ('8ccf0b6a-8fd3-45f5-bad4-1814e34248ed', '309c8d5a-b802-48bf-a15f-e5ba3e2c1e30', 'ebb8abd4-3231-4e5b-a007-0f9103bf66e7', '2023-09-12 13:56:10', '2023-09-12 13:56:10');
INSERT INTO `xmw_permission` VALUES ('8d271ab1-163d-4cfd-8164-3d8146c3c82f', 'c49aeeca-bc95-444e-a437-a2d36e79def4', '00d37222-d6b6-43ab-a459-b15610fdcbf3', '2024-10-28 17:03:39', '2024-10-28 17:03:39');
INSERT INTO `xmw_permission` VALUES ('8d9ece07-3dce-43f3-8926-309f450289e5', 'c49aeeca-bc95-444e-a437-a2d36e79def4', '2e1d74aa-2356-4b26-8488-7c337ae306cc', '2024-10-28 17:03:39', '2024-10-28 17:03:39');
INSERT INTO `xmw_permission` VALUES ('90848bc0-09e5-420a-819a-4e9e4ce2dfef', 'c49aeeca-bc95-444e-a437-a2d36e79def4', '7688d4a8-7214-446e-96d7-b65088af0dbb', '2024-10-28 17:03:39', '2024-10-28 17:03:39');
INSERT INTO `xmw_permission` VALUES ('929ecac0-09be-4fb1-aef5-7b8885dc0cd6', 'c37e0d9c-536a-4a6f-b5d1-989d3d65240a', '981f9c37-8775-458a-983f-23e775eae472', '2024-10-28 16:32:44', '2024-10-28 16:32:44');
INSERT INTO `xmw_permission` VALUES ('9359f68e-9e58-4440-affc-394821cf067e', 'c49aeeca-bc95-444e-a437-a2d36e79def4', '1acff778-5508-4724-b3a6-44b26396fd9e', '2024-10-28 17:03:39', '2024-10-28 17:03:39');
INSERT INTO `xmw_permission` VALUES ('985d6583-0e6c-4f6d-8d72-ac55eaaaaf27', 'c49aeeca-bc95-444e-a437-a2d36e79def4', '22b1d1f4-2543-4fa9-8d45-c04d9d239c04', '2024-10-28 17:03:39', '2024-10-28 17:03:39');
INSERT INTO `xmw_permission` VALUES ('a10f941c-d961-434b-b20a-be2c7bf47aa3', 'c49aeeca-bc95-444e-a437-a2d36e79def4', 'b5c00c90-c7dc-4c9a-aa10-85e8c1959f8a', '2024-10-28 17:03:39', '2024-10-28 17:03:39');
INSERT INTO `xmw_permission` VALUES ('a1d77da9-d40b-430e-b552-dac5c4871822', 'c49aeeca-bc95-444e-a437-a2d36e79def4', '562d45f9-e8ca-4ca4-8862-b9a44a3443cd', '2024-10-28 17:03:39', '2024-10-28 17:03:39');
INSERT INTO `xmw_permission` VALUES ('a83cd672-aaca-468b-ac45-435f89342d0d', 'd1ed7af5-b776-4cb9-a441-4967ad815f4b', '3787908c-3fcc-415f-83a9-a9f3701269ef', '2022-12-08 09:57:32', '2022-12-08 09:57:32');
INSERT INTO `xmw_permission` VALUES ('aee899ba-d205-4a23-afb3-1d0dad34a5cf', '31938054-db3e-434f-a98e-7edc89c9c42f', '9c140f1c-50eb-48c2-a7b5-58e9bbf16e18', '2023-09-12 13:56:58', '2023-09-12 13:56:58');
INSERT INTO `xmw_permission` VALUES ('b0a04275-2fd2-4803-b995-ea5a9f46eda0', 'd1ed7af5-b776-4cb9-a441-4967ad815f4b', 'd518e1bd-7440-4e15-b509-23353aec3205', '2022-12-08 09:57:32', '2022-12-08 09:57:32');
INSERT INTO `xmw_permission` VALUES ('b11d7f17-3a1a-4e8a-94e1-5857bf0c1382', 'c49aeeca-bc95-444e-a437-a2d36e79def4', '17911862-bce9-4264-b541-7ee1d2c7ec13', '2024-10-28 17:03:39', '2024-10-28 17:03:39');
INSERT INTO `xmw_permission` VALUES ('b1216a1f-074a-476e-a5f8-ef626b08028d', 'c49aeeca-bc95-444e-a437-a2d36e79def4', '0de24fb7-dc55-4d75-83f6-9b655734f1e0', '2024-10-28 17:03:39', '2024-10-28 17:03:39');
INSERT INTO `xmw_permission` VALUES ('b21ac8ea-65e8-4742-a309-98c438e297a3', '309c8d5a-b802-48bf-a15f-e5ba3e2c1e30', '7688d4a8-7214-446e-96d7-b65088af0dbb', '2023-09-12 13:56:10', '2023-09-12 13:56:10');
INSERT INTO `xmw_permission` VALUES ('b38f65c1-6ea4-4a47-8622-a727d9ba0f4b', 'c49aeeca-bc95-444e-a437-a2d36e79def4', '1360556e-3106-48aa-a030-90edfd7073ea', '2024-10-28 17:03:39', '2024-10-28 17:03:39');
INSERT INTO `xmw_permission` VALUES ('b5607d41-45f1-41c1-8a18-2d967648f84f', 'c49aeeca-bc95-444e-a437-a2d36e79def4', '84baadf6-e32c-4b90-8537-353dc9b25adc', '2024-10-28 17:03:39', '2024-10-28 17:03:39');
INSERT INTO `xmw_permission` VALUES ('b880185f-5a13-49e8-bb8c-ac03a072731a', 'c49aeeca-bc95-444e-a437-a2d36e79def4', 'adbc5cd2-b238-45b5-91a5-48324e8ae96b', '2024-10-28 17:03:39', '2024-10-28 17:03:39');
INSERT INTO `xmw_permission` VALUES ('b908d168-2456-462f-9357-5935f35eee8a', 'c49aeeca-bc95-444e-a437-a2d36e79def4', 'c1a6ef88-72b0-4ddd-8179-85f7f9dc9294', '2024-10-28 17:03:39', '2024-10-28 17:03:39');
INSERT INTO `xmw_permission` VALUES ('bc6cce47-27b7-4c9b-adf6-6eb54038f0d0', 'c49aeeca-bc95-444e-a437-a2d36e79def4', 'e6edc216-38b7-49cd-b097-6e996a7d8316', '2024-10-28 17:03:39', '2024-10-28 17:03:39');
INSERT INTO `xmw_permission` VALUES ('bea2030a-9e8b-409a-b5c2-c41164d0941a', '309c8d5a-b802-48bf-a15f-e5ba3e2c1e30', '562d45f9-e8ca-4ca4-8862-b9a44a3443cd', '2023-09-12 13:56:10', '2023-09-12 13:56:10');
INSERT INTO `xmw_permission` VALUES ('bfc4858f-eec7-4797-aeaf-7de7b65c00f7', '309c8d5a-b802-48bf-a15f-e5ba3e2c1e30', '84baadf6-e32c-4b90-8537-353dc9b25adc', '2023-09-12 13:56:10', '2023-09-12 13:56:10');
INSERT INTO `xmw_permission` VALUES ('c194d7ed-0a16-44c8-9ab9-1fbaafd14dca', 'c49aeeca-bc95-444e-a437-a2d36e79def4', '59a27556-69e9-4ecf-879f-fdd943fd190c', '2024-10-28 17:03:39', '2024-10-28 17:03:39');
INSERT INTO `xmw_permission` VALUES ('c590b0f7-b08d-476c-bfa5-321d4b69e3f0', 'd1ed7af5-b776-4cb9-a441-4967ad815f4b', '12373f1b-ae2a-48e7-ac06-ad4f15bb4975', '2022-12-08 09:57:32', '2022-12-08 09:57:32');
INSERT INTO `xmw_permission` VALUES ('c7684404-289a-4da1-9ee2-daf36cbf5fab', 'c49aeeca-bc95-444e-a437-a2d36e79def4', '2710e59a-0b37-4ea7-b6aa-73ffe2298391', '2024-10-28 17:03:39', '2024-10-28 17:03:39');
INSERT INTO `xmw_permission` VALUES ('c939c74d-fb5e-4196-83b3-802c460f0590', 'c49aeeca-bc95-444e-a437-a2d36e79def4', '8a7a9690-2b7f-4fa1-9cc5-e8b8d41b86d3', '2024-10-28 17:03:39', '2024-10-28 17:03:39');
INSERT INTO `xmw_permission` VALUES ('cdd067b7-6788-44f5-b32e-54af66efc36f', 'c49aeeca-bc95-444e-a437-a2d36e79def4', 'f6ccb7eb-20a1-4d6f-bb7a-a38a6f2512dd', '2024-10-28 17:03:39', '2024-10-28 17:03:39');
INSERT INTO `xmw_permission` VALUES ('ce40b05e-4ab6-43b1-b00b-a01fb13dc05c', 'c49aeeca-bc95-444e-a437-a2d36e79def4', '526577a4-4944-4835-9245-ce218a2ef28d', '2024-10-28 17:03:39', '2024-10-28 17:03:39');
INSERT INTO `xmw_permission` VALUES ('ceb22b1f-b85c-4b51-89c9-723238f0451e', 'd1ed7af5-b776-4cb9-a441-4967ad815f4b', 'd6cdf288-0d59-4da8-a270-a5a49006154b', '2022-12-08 09:57:32', '2022-12-08 09:57:32');
INSERT INTO `xmw_permission` VALUES ('cf0c9ce7-8c23-4c12-8fe7-bb33fb9a670c', 'c37e0d9c-536a-4a6f-b5d1-989d3d65240a', 'd6cdf288-0d59-4da8-a270-a5a49006154b', '2024-10-28 16:32:44', '2024-10-28 16:32:44');
INSERT INTO `xmw_permission` VALUES ('d002fa92-d156-411d-8446-912f86719589', 'c49aeeca-bc95-444e-a437-a2d36e79def4', 'b1ebea57-41ce-4487-a4d9-a1f38004a53a', '2024-10-28 17:03:39', '2024-10-28 17:03:39');
INSERT INTO `xmw_permission` VALUES ('d3d4c6c6-eb1b-4f9d-acff-7285e1e140ca', 'c49aeeca-bc95-444e-a437-a2d36e79def4', '7d221117-ec0b-407c-b0e3-af6372ac46cc', '2024-10-28 17:03:39', '2024-10-28 17:03:39');
INSERT INTO `xmw_permission` VALUES ('d3fd86c3-9e44-41ae-bc09-4ec3e52922d2', 'd1ed7af5-b776-4cb9-a441-4967ad815f4b', '81d6e4a1-68e5-4b4e-bf3b-851a7adc2e03', '2022-12-08 09:57:32', '2022-12-08 09:57:32');
INSERT INTO `xmw_permission` VALUES ('d41014f4-b706-4eec-bae5-1326584b9340', '309c8d5a-b802-48bf-a15f-e5ba3e2c1e30', 'f1eb0226-8ed7-4f80-ab42-08c27ed3f176', '2023-09-12 13:56:10', '2023-09-12 13:56:10');
INSERT INTO `xmw_permission` VALUES ('d81759c8-64fd-4c6a-8295-2226cc9cff22', 'c37e0d9c-536a-4a6f-b5d1-989d3d65240a', '59a27556-69e9-4ecf-879f-fdd943fd190c', '2024-10-28 16:32:44', '2024-10-28 16:32:44');
INSERT INTO `xmw_permission` VALUES ('dd46ecca-5449-41f9-86f5-af7e74427b80', 'c49aeeca-bc95-444e-a437-a2d36e79def4', '96c2072e-54bd-4d49-a335-ec8a4b3efa7d', '2024-10-28 17:03:39', '2024-10-28 17:03:39');
INSERT INTO `xmw_permission` VALUES ('df5d9cb4-17c5-4f20-b4d2-152ddead2f95', 'd1ed7af5-b776-4cb9-a441-4967ad815f4b', '981f9c37-8775-458a-983f-23e775eae472', '2022-12-08 09:57:32', '2022-12-08 09:57:32');
INSERT INTO `xmw_permission` VALUES ('e1e818f3-8048-4b8f-b66a-4fcbf21b55fc', 'c37e0d9c-536a-4a6f-b5d1-989d3d65240a', 'bf2dc72c-c524-4be3-a1cf-1da2bd853444', '2024-10-28 16:32:44', '2024-10-28 16:32:44');
INSERT INTO `xmw_permission` VALUES ('e689375b-0d92-4b62-8599-ddcc0152a659', '309c8d5a-b802-48bf-a15f-e5ba3e2c1e30', '38788fd7-fcc2-4d0d-85ec-016bf5a90520', '2023-09-12 13:56:10', '2023-09-12 13:56:10');
INSERT INTO `xmw_permission` VALUES ('e689b26d-4ab2-4c2f-869a-00ff9b00bc73', 'c49aeeca-bc95-444e-a437-a2d36e79def4', 'b6b55595-9929-4036-bcd3-b6016a642f25', '2024-10-28 17:03:39', '2024-10-28 17:03:39');
INSERT INTO `xmw_permission` VALUES ('e91c6cdd-6b61-4e93-b9cb-71de25eaef3a', 'c49aeeca-bc95-444e-a437-a2d36e79def4', '81abb19d-51f6-4256-a3d3-ed13a8cbd259', '2024-10-28 17:03:39', '2024-10-28 17:03:39');
INSERT INTO `xmw_permission` VALUES ('eaed62d8-806d-446a-ad02-eae6bc005e1c', '309c8d5a-b802-48bf-a15f-e5ba3e2c1e30', 'b6b55595-9929-4036-bcd3-b6016a642f25', '2023-09-12 13:56:10', '2023-09-12 13:56:10');
INSERT INTO `xmw_permission` VALUES ('eaf98ba1-d98c-4c9b-8d1d-8c472d3f3427', 'c49aeeca-bc95-444e-a437-a2d36e79def4', '1cc8e15c-e60b-410c-bb0f-846c01611416', '2024-10-28 17:03:39', '2024-10-28 17:03:39');
INSERT INTO `xmw_permission` VALUES ('eb25c7a7-16a1-4693-965f-da4d63b98ad7', 'c37e0d9c-536a-4a6f-b5d1-989d3d65240a', 'ce451a62-2ac4-44de-8202-cd8b0a702840', '2024-10-28 16:32:44', '2024-10-28 16:32:44');
INSERT INTO `xmw_permission` VALUES ('ee84a29a-4daf-44ff-b335-718c5a245a43', 'c49aeeca-bc95-444e-a437-a2d36e79def4', '6628e05a-876b-4fa1-80df-95f8becf5f7a', '2024-10-28 17:03:39', '2024-10-28 17:03:39');
INSERT INTO `xmw_permission` VALUES ('ef5a9d1c-f271-4cc6-bfc2-df9956f5620b', 'c49aeeca-bc95-444e-a437-a2d36e79def4', '81d6e4a1-68e5-4b4e-bf3b-851a7adc2e03', '2024-10-28 17:03:39', '2024-10-28 17:03:39');
INSERT INTO `xmw_permission` VALUES ('f002b367-2da7-4a6a-8589-e9853e99ab35', 'c49aeeca-bc95-444e-a437-a2d36e79def4', '9c140f1c-50eb-48c2-a7b5-58e9bbf16e18', '2024-10-28 17:03:39', '2024-10-28 17:03:39');
INSERT INTO `xmw_permission` VALUES ('faa32c58-4b85-4a09-9516-d5c51e918c28', 'c49aeeca-bc95-444e-a437-a2d36e79def4', '81c3b5d3-6715-49d2-a7b1-b4e3ba6b3732', '2024-10-28 17:03:39', '2024-10-28 17:03:39');
INSERT INTO `xmw_permission` VALUES ('fe4bfce0-7402-44a7-a6af-75859ba59372', 'd1ed7af5-b776-4cb9-a441-4967ad815f4b', '1360556e-3106-48aa-a030-90edfd7073ea', '2022-12-08 09:57:32', '2022-12-08 09:57:32');
INSERT INTO `xmw_permission` VALUES ('ff580a09-5501-46eb-891d-9d2b15d6a572', '309c8d5a-b802-48bf-a15f-e5ba3e2c1e30', '1acff778-5508-4724-b3a6-44b26396fd9e', '2023-09-12 13:56:10', '2023-09-12 13:56:10');
INSERT INTO `xmw_permission` VALUES ('ff67e171-b370-4511-8b41-70958c6c5afe', '309c8d5a-b802-48bf-a15f-e5ba3e2c1e30', 'f9f168a1-a31a-4105-b80d-9c38dcf0bd59', '2023-09-12 13:56:10', '2023-09-12 13:56:10');
INSERT INTO `xmw_permission` VALUES ('ffe6ee03-f37d-4779-80d2-8969b12f889f', '309c8d5a-b802-48bf-a15f-e5ba3e2c1e30', '81c3b5d3-6715-49d2-a7b1-b4e3ba6b3732', '2023-09-12 13:56:10', '2023-09-12 13:56:10');
INSERT INTO `xmw_permission` VALUES ('fff49631-e69c-4779-afdf-49e704f41bea', 'c49aeeca-bc95-444e-a437-a2d36e79def4', '981f9c37-8775-458a-983f-23e775eae472', '2024-10-28 17:03:39', '2024-10-28 17:03:39');

-- ----------------------------
-- Table structure for xmw_role
-- ----------------------------
DROP TABLE IF EXISTS `xmw_role`;
CREATE TABLE `xmw_role`  (
  `role_id` char(36) CHARACTER SET utf8mb4 COLLATE utf8mb4_bin NOT NULL COMMENT '角色id',
  `role_name` varchar(20) CHARACTER SET utf8mb4 COLLATE utf8mb4_0900_ai_ci NOT NULL COMMENT '角色名称',
  `role_code` varchar(20) CHARACTER SET utf8mb4 COLLATE utf8mb4_0900_ai_ci NOT NULL COMMENT '角色编码',
  `describe` varchar(200) CHARACTER SET utf8mb4 COLLATE utf8mb4_0900_ai_ci NOT NULL COMMENT '角色描述',
  `founder` char(36) CHARACTER SET utf8mb4 COLLATE utf8mb4_bin NOT NULL COMMENT '创建人',
  `sort` int NOT NULL COMMENT '排序',
  `status` int NOT NULL COMMENT '角色状态（0:禁用，1：正常）',
  `created_time` datetime NOT NULL,
  `updated_time` datetime NOT NULL,
  PRIMARY KEY (`role_id`) USING BTREE
) ENGINE = InnoDB CHARACTER SET = utf8mb4 COLLATE = utf8mb4_0900_ai_ci ROW_FORMAT = DYNAMIC;

-- ----------------------------
-- Records of xmw_role
-- ----------------------------
INSERT INTO `xmw_role` VALUES ('309c8d5a-b802-48bf-a15f-e5ba3e2c1e30', '系统设置(业务员)', 'System', '拥有系统设置菜单的权限', 'bf75a509-f90e-4a29-8bf7-470b581550f6', 1, 1, '2023-09-12 13:56:10', '2023-09-12 13:56:10');
INSERT INTO `xmw_role` VALUES ('31938054-db3e-434f-a98e-7edc89c9c42f', '指示面板(业务员)', 'Dashborad', '拥有指示面板菜单的权限', 'bf75a509-f90e-4a29-8bf7-470b581550f6', 1, 1, '2023-09-12 13:56:58', '2023-09-12 13:56:58');
INSERT INTO `xmw_role` VALUES ('c37e0d9c-536a-4a6f-b5d1-989d3d65240a', '智能行政(业务员)', 'Administrative', '拥有智能行政菜单的权限', 'bf75a509-f90e-4a29-8bf7-470b581550f6', 1, 1, '2023-09-12 13:55:06', '2024-10-28 16:32:44');
INSERT INTO `xmw_role` VALUES ('c49aeeca-bc95-444e-a437-a2d36e79def4', '超级管理员', 'Super Admin', '拥有系统全部权限。', 'bf75a509-f90e-4a29-8bf7-470b581550f6', 99, 1, '2022-11-08 10:54:45', '2024-10-28 17:03:39');
INSERT INTO `xmw_role` VALUES ('d1ed7af5-b776-4cb9-a441-4967ad815f4b', '普通管理员', 'Ordinary Admin', '拥有系统部分权限', 'bf75a509-f90e-4a29-8bf7-470b581550f6', 88, 1, '2022-11-08 10:56:38', '2023-09-07 10:18:24');

-- ----------------------------
-- Table structure for xmw_user
-- ----------------------------
DROP TABLE IF EXISTS `xmw_user`;
CREATE TABLE `xmw_user`  (
  `user_id` char(36) CHARACTER SET utf8mb4 COLLATE utf8mb4_bin NOT NULL COMMENT '用户id',
  `user_name` varchar(20) CHARACTER SET utf8mb4 COLLATE utf8mb4_0900_ai_ci NOT NULL COMMENT '用户名称',
  `work_no` varchar(20) CHARACTER SET utf8mb4 COLLATE utf8mb4_0900_ai_ci NOT NULL COMMENT '用户工号',
  `password` varchar(50) CHARACTER SET utf8mb4 COLLATE utf8mb4_0900_ai_ci NOT NULL COMMENT '密码(加密)',
  `cn_name` varchar(20) CHARACTER SET utf8mb4 COLLATE utf8mb4_0900_ai_ci NOT NULL COMMENT '中文名',
  `en_name` varchar(20) CHARACTER SET utf8mb4 COLLATE utf8mb4_0900_ai_ci NULL DEFAULT NULL COMMENT '英文名',
  `age` int NOT NULL COMMENT '年龄',
  `email` varchar(50) CHARACTER SET utf8mb4 COLLATE utf8mb4_0900_ai_ci NULL DEFAULT NULL COMMENT '电子邮箱',
  `phone` varchar(11) CHARACTER SET utf8mb4 COLLATE utf8mb4_0900_ai_ci NOT NULL COMMENT '电话号码',
  `avatar_url` varchar(200) CHARACTER SET utf8mb4 COLLATE utf8mb4_0900_ai_ci NULL DEFAULT NULL COMMENT '用户头像',
  `sex` enum('0','1','2') CHARACTER SET utf8mb4 COLLATE utf8mb4_0900_ai_ci NOT NULL COMMENT '用户性别(0:女,1:男,2:隐私)',
  `sort` int NOT NULL COMMENT '排序',
  `status` int NOT NULL DEFAULT 1 COMMENT '用户状态（0:禁用，1：正常）',
  `token` blob NULL COMMENT 'token',
  `motto` varchar(50) CHARACTER SET utf8mb4 COLLATE utf8mb4_0900_ai_ci NULL DEFAULT NULL COMMENT '座右铭',
  `tags` json NULL COMMENT '人物标签',
  `city` json NULL COMMENT '所属城市',
  `address` varchar(200) CHARACTER SET utf8mb4 COLLATE utf8mb4_0900_ai_ci NULL DEFAULT NULL COMMENT '详细地址',
  `jobs_id` char(36) CHARACTER SET utf8mb4 COLLATE utf8mb4_bin NOT NULL COMMENT '岗位id',
  `org_id` char(36) CHARACTER SET utf8mb4 COLLATE utf8mb4_bin NOT NULL COMMENT '组织id',
  `role_id` char(36) CHARACTER SET utf8mb4 COLLATE utf8mb4_bin NOT NULL COMMENT '角色id',
  `founder` char(36) CHARACTER SET utf8mb4 COLLATE utf8mb4_bin NOT NULL COMMENT '创建人',
  `login_num` int NOT NULL DEFAULT 0 COMMENT '登录次数',
  `login_last_ip` varchar(20) CHARACTER SET utf8mb4 COLLATE utf8mb4_0900_ai_ci NULL DEFAULT NULL COMMENT '最后一次登录ip',
  `login_last_time` datetime NULL DEFAULT NULL COMMENT '最后一次登录时间',
  `created_time` datetime NOT NULL,
  `updated_time` datetime NOT NULL,
  PRIMARY KEY (`user_id`) USING BTREE,
  INDEX `founder`(`founder` ASC) USING BTREE,
  INDEX `role_id`(`role_id` ASC) USING BTREE,
  CONSTRAINT `xmw_user_ibfk_8` FOREIGN KEY (`founder`) REFERENCES `xmw_user` (`user_id`) ON DELETE RESTRICT ON UPDATE CASCADE,
  CONSTRAINT `xmw_user_ibfk_9` FOREIGN KEY (`role_id`) REFERENCES `xmw_role` (`role_id`) ON DELETE CASCADE ON UPDATE CASCADE
) ENGINE = InnoDB CHARACTER SET = utf8mb4 COLLATE = utf8mb4_0900_ai_ci ROW_FORMAT = DYNAMIC;

-- ----------------------------
-- Records of xmw_user
-- ----------------------------
INSERT INTO `xmw_user` VALUES ('0b0d4594-3ef6-4bc6-b5ce-b5fc81c27995', 'meixi', 'MX001', 'IqDDrMKzGqHgIOW7ya8cMQ==', '梅西', 'MX', 35, NULL, '18888888887', 'https://react.baiwumm.com/static/image/2022-11-29/1155a249-437a-47b3-bec8-abea2a1c01c3.jpeg', '2', 1, 1, '', NULL, '[\"足球巨星\"]', '[\"44\", \"4403\", \"440304\"]', '111', 'eab6c26a-4b2a-4aba-b95f-7f431600a03d', '7115340c-ff89-44d1-853d-90673055a24c', 'd1ed7af5-b776-4cb9-a441-4967ad815f4b', '0b0d4594-3ef6-4bc6-b5ce-b5fc81c27995', 36, '::ffff:127.0.0.1', '2023-01-12 18:21:09', '2022-11-25 11:01:52', '2023-01-12 18:22:07');
INSERT INTO `xmw_user` VALUES ('603fcbfb-f2c6-4e60-9c62-6f0d6a233fa8', 'mahuateng', '10001', 'IqDDrMKzGqHgIOW7ya8cMQ==', '马化腾', 'Pony', 53, NULL, '19999999998', 'https://react.baiwumm.com/static/image/2023-09-12/6d68dbbd-ca12-4e6f-82a4-c9d4b2218343.jpeg', '1', 1, 1, NULL, '会员需要充钱', '[\"腾讯创始人\"]', '[\"44\", \"4403\", \"440305\"]', '腾讯滨海大厦', '4b90999b-2158-423a-8de5-1bf5b4e54ac7', '9e0d462d-5254-41ba-b8f3-982a7cf588f0', '309c8d5a-b802-48bf-a15f-e5ba3e2c1e30', 'bf75a509-f90e-4a29-8bf7-470b581550f6', 0, NULL, NULL, '2023-09-12 15:04:43', '2023-09-12 15:04:43');
INSERT INTO `xmw_user` VALUES ('7887f679-32f0-47e2-8137-9d966281aa48', 'wangsicong', '003', 'IqDDrMKzGqHgIOW7ya8cMQ==', '小王', NULL, 36, NULL, '19999999996', 'https://react.baiwumm.com/static/image/2023-09-12/69e1f60c-572e-4ae4-a787-7ebec62f2c79.jpeg', '1', 1, 1, 0x65794A68624763694F694A49557A49314E694973496E523563434936496B705856434A392E65794A316332567958323568625755694F694A335957356E63326C6A6232356E4969776964584E6C636C39705A434936496A63344F44646D4E6A63354C544D795A6A41744E44646C4D6930344D544D334C546C6B4F5459324D6A6778595745304F434973496D6C68644349364D5459354E6A59324F544D784E33302E77486676562D6E4A374C394351384B6A562D463064676E586C3461676137444246636B72446B70444A586F, NULL, NULL, '[\"31\", \"3101\", \"310101\"]', '万达', 'bf6f329f-e5f0-471d-abb9-7e8a019a78a1', '79581210-60b7-4c66-b6ae-14b013c3661e', 'c37e0d9c-536a-4a6f-b5d1-989d3d65240a', 'bf75a509-f90e-4a29-8bf7-470b581550f6', 7, '::ffff:127.0.0.1', '2023-10-07 17:01:57', '2023-09-12 15:14:31', '2023-10-07 17:01:57');
INSERT INTO `xmw_user` VALUES ('a7e1d550-c351-4d19-8873-268912f73584', 'lizhien', 'LZE001', '+eUwGEfC9+bY+NgU22Ol4g==', '李知恩', 'IU', 18, NULL, '18888888888', 'https://react.baiwumm.com/static/image/2023-03-20/c7650a50-8fff-45c6-ae61-47d81395b16a.jpeg', '0', 1, 1, '', '韩国女歌手', '[\"可爱\", \"漂亮\"]', '[\"13\", \"1303\", \"130304\"]', '珠穆朗玛峰', '236ac4ed-6b07-4172-bb05-9986cf976045', '79a4a0d6-776a-4d82-a884-57c2b59e7e94', 'c49aeeca-bc95-444e-a437-a2d36e79def4', '0b0d4594-3ef6-4bc6-b5ce-b5fc81c27995', 2, '::ffff:127.0.0.1', '2023-10-07 10:38:38', '2022-11-25 10:59:35', '2023-10-07 10:38:49');
INSERT INTO `xmw_user` VALUES ('af968b95-5f2e-4f87-8002-e6ac23b72a23', 'youyuxi', '002', 'IqDDrMKzGqHgIOW7ya8cMQ==', '尤雨溪', 'Evan You', 30, NULL, '19999999997', 'https://react.baiwumm.com/static/image/2023-09-12/0d23830c-df17-47f8-9a34-6e641adc89f3.jpeg', '1', 1, 1, '', NULL, '[\"Vue\", \"Vite\"]', '[\"12\", \"1201\", \"120101\"]', 'Vue大厦', 'c8d1ad72-aba5-48f8-bc8b-7a7ddf5fc2a8', '416d7277-5d55-4778-a535-57a67b290c16', 'c37e0d9c-536a-4a6f-b5d1-989d3d65240a', 'bf75a509-f90e-4a29-8bf7-470b581550f6', 1, '::ffff:127.0.0.1', '2023-09-12 15:16:24', '2023-09-12 15:12:17', '2023-09-12 15:19:30');
INSERT INTO `xmw_user` VALUES ('bf75a509-f90e-4a29-8bf7-470b581550f6', 'admin', 'XMW001', 'IqDDrMKzGqHgIOW7ya8cMQ==', '谢明伟', 'Baiwu', 18, 'baiwumm@foxmail.com', '15920157932', 'https://react.baiwumm.com/static/image/2023-09-12/abf837e0-d149-48f0-8d0a-c078d74adfff.jpg', '1', 99, 1, 0x65794A68624763694F694A49557A49314E694973496E523563434936496B705856434A392E65794A316332567958323568625755694F694A685A47317062694973496E567A5A584A66615751694F694A695A6A6331595455774F53316D4F54426C4C5452684D6A6B744F474A6D4E7930304E7A42694E5467784E5455775A6A59694C434A70595851694F6A45334D7A41784E6A51304E7A4A392E42534F435869333547634C5553534C317A6B644F7146446C6165784F546A745932576338522D496C786649, '我曾踏足山巅 也曾跌落低谷 二者都使我受益良多', '[\"高富帅\", \"有钱人\", \"阳光少年\", \"真的很棒\", \"哈哈哈\", \"今年发财\"]', '[\"44\", \"4403\", \"440304\"]', '沙头街道', '6c93e5f3-f4e9-43be-9b00-9ba69677a2c2', '79581210-60b7-4c66-b6ae-14b013c3661e', 'c49aeeca-bc95-444e-a437-a2d36e79def4', '0b0d4594-3ef6-4bc6-b5ce-b5fc81c27995', 587, '113.78.43.87', '2024-10-29 09:14:32', '2022-11-30 09:42:15', '2024-10-29 09:14:32');
INSERT INTO `xmw_user` VALUES ('dac1e100-a6ad-48c4-9963-b3be37c6443c', 'mayun', '001', 'IqDDrMKzGqHgIOW7ya8cMQ==', '马云', 'Jack Ma', 60, NULL, '19999999999', 'https://react.baiwumm.com/static/image/2023-09-12/a929863a-9bcd-4ce0-a378-c7744174cda7.jpeg', '1', 1, 1, 0x65794A68624763694F694A49557A49314E694973496E523563434936496B705856434A392E65794A316332567958323568625755694F694A7459586C3162694973496E567A5A584A66615751694F694A6B59574D785A5445774D4331684E6D466B4C545134597A51744F546B324D7931694D324A6C4D7A646A4E6A51304D324D694C434A70595851694F6A45324F5463314D6A49304E4468392E614565594479334648626D546970777852546B747935797262462D4D6A2D69354670474F755F5F50336649, '让天下没有难做的生意', '[\"创始人\"]', '[\"33\", \"3301\", \"330110\"]', '阿里巴巴园区', '4b90999b-2158-423a-8de5-1bf5b4e54ac7', '79581210-60b7-4c66-b6ae-14b013c3661e', 'c37e0d9c-536a-4a6f-b5d1-989d3d65240a', 'bf75a509-f90e-4a29-8bf7-470b581550f6', 18, '::ffff:127.0.0.1', '2023-10-17 14:00:48', '2023-09-12 14:08:11', '2023-10-17 14:00:48');

SET FOREIGN_KEY_CHECKS = 1;
